sample_idx,ground_truth,gt_label,float_pred,float_conf,int16_pred,int16_conf,int8_pred,int8_conf,float_correct,int16_correct,int8_correct
0,0,A,1,0.531725,1,0.531567,1,0.585991,0,0,0
1,0,A,2,0.437979,2,0.437627,2,0.577151,0,0,0
2,0,A,0,0.999998,0,0.999998,0,0.999998,1,1,1
3,3,D,3,0.999760,3,0.999760,3,0.999755,1,1,1
4,2,C,2,0.996976,2,0.996978,2,0.996931,1,1,1
5,0,A,3,0.549716,3,0.549601,3,0.571300,0,0,0
6,0,A,0,0.999999,0,0.999999,0,0.999999,1,1,1
7,1,B,1,0.992084,1,0.992090,1,0.990865,1,1,1
8,3,D,3,0.999847,3,0.999847,3,0.999844,1,1,1
9,3,D,3,0.999633,3,0.999633,3,0.999666,1,1,1
10,2,C,2,0.996768,2,0.996770,2,0.996749,1,1,1
11,1,B,1,0.906234,1,0.906224,1,0.911406,1,1,1
12,3,D,3,0.999514,3,0.999514,3,0.999503,1,1,1
13,2,C,2,0.993365,2,0.993370,2,0.993223,1,1,1
14,0,A,0,0.540267,0,0.540603,2,0.486291,1,1,0
15,3,D,3,0.999889,3,0.999889,3,0.999886,1,1,1
16,1,B,3,0.470789,3,0.470657,3,0.502432,0,0,0
17,4,E,4,0.983184,4,0.983173,4,0.985177,1,1,1
18,4,E,0,0.633790,0,0.633919,0,0.608847,0,0,0
19,4,E,4,0.999681,4,0.999682,4,0.999630,1,1,1
20,4,E,4,0.795766,4,0.795614,4,0.823647,1,1,1
21,3,D,3,0.999924,3,0.999924,3,0.999923,1,1,1
22,1,B,1,0.995892,1,0.995891,1,0.996365,1,1,1
23,1,B,1,0.906726,1,0.906756,1,0.906191,1,1,1
24,2,C,2,0.997192,2,0.997194,2,0.997163,1,1,1
25,0,A,2,0.742594,2,0.742329,2,0.829105,0,0,0
26,4,E,0,0.536107,0,0.536185,0,0.506720,0,0,0
27,3,D,3,0.999887,3,0.999887,3,0.999885,1,1,1
28,1,B,1,0.991923,1,0.991921,1,0.992733,1,1,1
29,4,E,4,0.999312,4,0.999311,4,0.999389,1,1,1
30,4,E,4,0.999776,4,0.999775,4,0.999838,1,1,1
31,2,C,2,0.996464,2,0.996466,2,0.996550,1,1,1
32,2,C,2,0.944745,2,0.944792,2,0.935617,1,1,1
33,3,D,3,0.998387,3,0.998387,3,0.998543,1,1,1
34,4,E,4,0.996516,4,0.996512,4,0.997141,1,1,1
35,4,E,4,0.999764,4,0.999764,4,0.999773,1,1,1
36,3,D,3,0.999898,3,0.999898,3,0.999895,1,1,1
37,0,A,1,0.428011,1,0.428148,1,0.381580,0,0,0
38,0,A,0,0.999998,0,0.999998,0,0.999998,1,1,1
39,1,B,1,0.997040,1,0.997039,1,0.997380,1,1,1
40,1,B,1,0.997115,1,0.997114,1,0.997441,1,1,1
41,0,A,0,0.410665,0,0.410951,2,0.409024,1,1,0
42,0,A,0,0.938259,0,0.938284,0,0.925262,1,1,1
43,2,C,2,0.998479,2,0.998480,2,0.998439,1,1,1
44,2,C,2,0.997414,2,0.997416,2,0.997376,1,1,1
45,2,C,2,0.991392,2,0.991399,2,0.990691,1,1,1
46,2,C,2,0.995406,2,0.995410,2,0.994946,1,1,1
47,4,E,4,0.996156,4,0.996151,4,0.996631,1,1,1
48,2,C,2,0.982711,2,0.982726,2,0.980900,1,1,1
49,3,D,3,0.999902,3,0.999902,3,0.999906,1,1,1
50,2,C,2,0.998956,2,0.998955,2,0.999119,1,1,1
51,4,E,4,0.999506,4,0.999506,4,0.999502,1,1,1
52,3,D,3,0.999362,3,0.999361,3,0.999512,1,1,1
53,4,E,4,0.999902,4,0.999902,4,0.999917,1,1,1
54,1,B,1,0.997202,1,0.997201,1,0.997533,1,1,1
55,1,B,1,0.772638,1,0.772722,1,0.752593,1,1,1
56,2,C,2,0.996641,2,0.996639,2,0.997554,1,1,1
57,1,B,1,0.988563,1,0.988561,1,0.989731,1,1,1
58,4,E,4,0.995485,4,0.995480,4,0.995720,1,1,1
59,2,C,2,0.997375,2,0.997376,2,0.997362,1,1,1
60,3,D,3,0.999849,3,0.999849,3,0.999846,1,1,1
61,0,A,0,0.595195,0,0.595428,0,0.508874,1,1,1
62,2,C,2,0.993685,2,0.993689,2,0.993280,1,1,1
63,0,A,0,1.000000,0,1.000000,0,1.000000,1,1,1
64,4,E,4,0.999870,4,0.999870,4,0.999899,1,1,1
65,4,E,4,0.966270,4,0.966227,4,0.971088,1,1,1
66,1,B,1,0.997428,1,0.997427,1,0.997737,1,1,1
67,1,B,1,0.996145,1,0.996144,1,0.996435,1,1,1
68,2,C,2,0.995836,2,0.995840,2,0.995408,1,1,1
69,1,B,1,0.997616,1,0.997617,1,0.997621,1,1,1
70,2,C,2,0.988648,2,0.988657,2,0.986983,1,1,1
71,3,D,3,0.999878,3,0.999878,3,0.999875,1,1,1
72,1,B,1,0.578129,1,0.578223,1,0.565786,1,1,1
73,0,A,0,1.000000,0,1.000000,0,1.000000,1,1,1
74,1,B,1,0.978756,1,0.978773,1,0.975572,1,1,1
75,1,B,1,0.998452,1,0.998452,1,0.998615,1,1,1
76,3,D,3,0.999875,3,0.999875,3,0.999872,1,1,1
77,3,D,3,0.999707,3,0.999707,3,0.999727,1,1,1
78,1,B,1,0.959287,1,0.959368,1,0.934668,1,1,1
79,2,C,2,0.992511,2,0.992517,2,0.991801,1,1,1
80,4,E,4,0.879615,4,0.879520,4,0.894306,1,1,1
81,0,A,0,0.991674,0,0.991676,0,0.990849,1,1,1
82,2,C,2,0.995646,2,0.995648,2,0.995744,1,1,1
83,1,B,2,0.942112,2,0.942038,2,0.967097,0,0,0
84,2,C,2,0.991155,2,0.991160,2,0.990893,1,1,1
85,4,E,4,0.931892,4,0.931829,4,0.928658,1,1,1
86,0,A,2,0.956829,2,0.956768,2,0.974822,0,0,0
87,1,B,1,0.998472,1,0.998472,1,0.998646,1,1,1
88,4,E,4,0.999753,4,0.999753,4,0.999778,1,1,1
89,1,B,1,0.992193,1,0.992191,1,0.992968,1,1,1
90,2,C,2,0.552283,2,0.552476,2,0.482673,1,1,1
91,0,A,0,0.509558,0,0.509844,0,0.414637,1,1,1
92,3,D,3,0.991146,3,0.991147,3,0.991456,1,1,1
93,2,C,3,0.475676,3,0.475366,3,0.529782,0,0,0
94,1,B,1,0.981654,1,0.981661,1,0.981410,1,1,1
95,1,B,0,0.886857,0,0.886908,0,0.879342,0,0,0
96,4,E,4,0.999903,4,0.999903,4,0.999891,1,1,1
97,0,A,1,0.429662,1,0.429748,1,0.387361,0,0,0
98,4,E,4,0.907816,4,0.907745,4,0.909627,1,1,1
99,0,A,0,1.000000,0,1.000000,0,1.000000,1,1,1
100,4,E,4,0.999934,4,0.999934,4,0.999936,1,1,1
101,1,B,1,0.988990,1,0.988988,1,0.990221,1,1,1
102,2,C,2,0.996739,2,0.996742,2,0.996701,1,1,1
103,3,D,3,0.999834,3,0.999834,3,0.999830,1,1,1
104,1,B,1,0.995273,1,0.995272,1,0.995539,1,1,1
105,1,B,1,0.997227,1,0.997227,1,0.997450,1,1,1
106,1,B,1,0.994038,1,0.994037,1,0.994721,1,1,1
107,3,D,3,0.999849,3,0.999849,3,0.999845,1,1,1
108,1,B,1,0.541933,1,0.542030,1,0.528247,1,1,1
109,4,E,4,0.968834,4,0.968805,4,0.969519,1,1,1
110,1,B,1,0.998756,1,0.998756,1,0.998927,1,1,1
111,3,D,3,0.999884,3,0.999884,3,0.999881,1,1,1
112,4,E,4,1.000000,4,1.000000,4,1.000000,1,1,1
113,3,D,3,0.999875,3,0.999875,3,0.999872,1,1,1
114,1,B,2,0.728312,2,0.728571,2,0.667812,0,0,0
115,3,D,3,0.999523,3,0.999523,3,0.999517,1,1,1
116,3,D,3,0.999846,3,0.999846,3,0.999842,1,1,1
117,0,A,0,1.000000,0,1.000000,0,1.000000,1,1,1
118,4,E,4,0.999962,4,0.999962,4,0.999953,1,1,1
119,2,C,2,0.998164,2,0.998165,2,0.998071,1,1,1
120,1,B,1,0.997418,1,0.997418,1,0.997509,1,1,1
121,2,C,2,0.674111,2,0.674369,2,0.612858,1,1,1
122,3,D,3,0.994046,3,0.994035,3,0.996169,1,1,1
123,2,C,2,0.990759,2,0.990766,2,0.989941,1,1,1
124,1,B,1,0.994047,1,0.994046,1,0.994678,1,1,1
125,1,B,1,0.989144,1,0.989142,1,0.989863,1,1,1
126,2,C,2,0.698429,2,0.698561,2,0.655880,1,1,1
127,2,C,2,0.997449,2,0.997451,2,0.997425,1,1,1
128,4,E,4,0.999887,4,0.999887,4,0.999904,1,1,1
129,1,B,1,0.998032,1,0.998032,1,0.998273,1,1,1
130,0,A,1,0.499069,1,0.499418,0,0.419953,0,0,1
131,2,C,2,0.985386,2,0.985396,2,0.984905,1,1,1
132,0,A,0,1.000000,0,1.000000,0,1.000000,1,1,1
133,2,C,2,0.993386,2,0.993390,2,0.993079,1,1,1
134,2,C,2,0.997068,2,0.997070,2,0.997047,1,1,1
135,3,D,3,0.999700,3,0.999700,3,0.999681,1,1,1
136,4,E,4,0.999997,4,0.999997,4,0.999997,1,1,1
137,1,B,1,0.609370,1,0.609455,1,0.592287,1,1,1
138,1,B,1,0.994693,1,0.994693,1,0.995247,1,1,1
139,4,E,4,0.997704,4,0.997701,4,0.998026,1,1,1
140,2,C,2,0.978649,2,0.978661,2,0.977614,1,1,1
141,0,A,2,0.859300,2,0.859151,2,0.911509,0,0,0
142,1,B,1,0.997745,1,0.997744,1,0.998009,1,1,1
143,3,D,3,0.999881,3,0.999881,3,0.999878,1,1,1
144,1,B,1,0.993452,1,0.993452,1,0.994082,1,1,1
145,3,D,3,0.999857,3,0.999857,3,0.999855,1,1,1
146,4,E,0,0.805126,0,0.805197,0,0.799514,0,0,0
147,3,D,3,0.999820,3,0.999820,3,0.999816,1,1,1
148,3,D,3,0.999262,3,0.999262,3,0.999255,1,1,1
149,3,D,3,0.999574,3,0.999574,3,0.999570,1,1,1
150,4,E,4,0.999815,4,0.999815,4,0.999653,1,1,1
151,1,B,3,0.600982,3,0.600991,3,0.596462,0,0,0
152,3,D,3,0.999796,3,0.999796,3,0.999795,1,1,1
153,0,A,0,0.849903,0,0.849994,0,0.816968,1,1,1
154,1,B,1,0.998953,1,0.998954,1,0.998891,1,1,1
155,4,E,4,0.988516,4,0.988506,4,0.990153,1,1,1
156,0,A,2,0.839416,2,0.839333,2,0.870773,0,0,0
157,3,D,3,0.999887,3,0.999887,3,0.999884,1,1,1
158,2,C,2,0.997200,2,0.997201,2,0.997263,1,1,1
159,4,E,4,0.998667,4,0.998667,4,0.998033,1,1,1
160,3,D,3,0.999847,3,0.999847,3,0.999845,1,1,1
161,1,B,2,0.973208,2,0.973230,2,0.972774,0,0,0
162,0,A,2,0.502816,2,0.502474,2,0.632034,0,0,0
163,3,D,3,0.999830,3,0.999830,3,0.999826,1,1,1
164,0,A,2,0.771728,2,0.771212,2,0.843796,0,0,0
165,1,B,1,0.925585,1,0.925567,1,0.933167,1,1,1
166,3,D,3,0.999891,3,0.999891,3,0.999884,1,1,1
167,4,E,4,0.959252,4,0.959203,4,0.967619,1,1,1
168,3,D,3,0.999928,3,0.999928,3,0.999923,1,1,1
169,4,E,4,0.999925,4,0.999925,4,0.999935,1,1,1
170,4,E,4,0.995495,4,0.995494,4,0.995772,1,1,1
171,4,E,4,1.000000,4,1.000000,4,1.000000,1,1,1
172,3,D,3,0.999364,3,0.999364,3,0.999360,1,1,1
173,1,B,1,0.998060,1,0.998059,1,0.998184,1,1,1
174,4,E,4,0.999716,4,0.999716,4,0.999661,1,1,1
175,2,C,2,0.991370,2,0.991375,2,0.991122,1,1,1
176,2,C,2,0.992789,2,0.992792,2,0.992891,1,1,1
177,4,E,4,1.000000,4,1.000000,4,1.000000,1,1,1
178,2,C,2,0.992264,2,0.992269,2,0.991338,1,1,1
179,1,B,1,0.989505,1,0.989502,1,0.990408,1,1,1
180,3,D,3,0.999511,3,0.999511,3,0.999499,1,1,1
181,3,D,3,0.999888,3,0.999888,3,0.999885,1,1,1
182,3,D,3,0.999703,3,0.999703,3,0.999698,1,1,1
183,3,D,3,0.999883,3,0.999883,3,0.999880,1,1,1
184,0,A,0,0.999997,0,0.999997,0,0.999997,1,1,1
185,3,D,3,0.999864,3,0.999864,3,0.999862,1,1,1
186,0,A,0,1.000000,0,1.000000,0,1.000000,1,1,1
187,0,A,0,1.000000,0,1.000000,0,1.000000,1,1,1
188,2,C,3,0.469997,3,0.469693,3,0.523131,0,0,0
189,1,B,1,0.995325,1,0.995325,1,0.995723,1,1,1
190,1,B,1,0.996583,1,0.996586,1,0.996248,1,1,1
191,0,A,0,0.999990,0,0.999991,0,0.999990,1,1,1
192,3,D,3,0.999882,3,0.999882,3,0.999879,1,1,1
193,3,D,3,0.999789,3,0.999789,3,0.999786,1,1,1
194,4,E,4,0.817109,4,0.817029,4,0.836206,1,1,1
195,4,E,4,0.999995,4,0.999995,4,0.999995,1,1,1
196,1,B,1,0.997521,1,0.997520,1,0.997807,1,1,1
197,4,E,4,0.997661,4,0.997660,4,0.997562,1,1,1
198,4,E,4,0.997099,4,0.997096,4,0.997518,1,1,1
199,4,E,4,0.987566,4,0.987551,4,0.989691,1,1,1
200,1,B,1,0.995641,1,0.995640,1,0.996164,1,1,1
201,2,C,2,0.994455,2,0.994458,2,0.994537,1,1,1
202,4,E,4,0.999986,4,0.999986,4,0.999980,1,1,1
203,0,A,2,0.840257,2,0.840167,2,0.903067,0,0,0
204,0,A,0,1.000000,0,1.000000,0,1.000000,1,1,1
205,4,E,4,0.998962,4,0.998963,4,0.998798,1,1,1
206,4,E,4,0.990535,4,0.990526,4,0.991849,1,1,1
207,1,B,1,0.940260,1,0.940242,1,0.945793,1,1,1
208,2,C,2,0.765538,2,0.765713,2,0.733054,1,1,1
209,3,D,3,0.999816,3,0.999816,3,0.999806,1,1,1
210,0,A,0,1.000000,0,1.000000,0,1.000000,1,1,1
211,1,B,1,0.996335,1,0.996334,1,0.996645,1,1,1
212,1,B,1,0.992178,1,0.992182,1,0.991672,1,1,1
213,2,C,2,0.646692,2,0.646966,2,0.588004,1,1,1
214,1,B,1,0.995751,1,0.995751,1,0.995884,1,1,1
215,4,E,4,0.999641,4,0.999641,4,0.999599,1,1,1
216,2,C,2,0.998924,2,0.998923,2,0.999017,1,1,1
217,0,A,0,0.340565,0,0.340517,0,0.344889,1,1,1
218,0,A,0,0.999999,0,0.999999,0,0.999999,1,1,1
219,1,B,1,0.997345,1,0.997345,1,0.997574,1,1,1
220,3,D,3,0.999744,3,0.999744,3,0.999738,1,1,1
221,3,D,3,0.997847,3,0.997847,3,0.997857,1,1,1
222,4,E,0,0.532999,0,0.533083,0,0.505663,0,0,0
223,1,B,1,0.997864,1,0.997863,1,0.998116,1,1,1
224,0,A,0,0.968968,0,0.968983,0,0.966506,1,1,1
225,0,A,0,0.781771,0,0.781900,0,0.737655,1,1,1
226,4,E,4,0.991540,4,0.991541,4,0.991193,1,1,1
227,1,B,1,0.990238,1,0.990236,1,0.991350,1,1,1
228,2,C,2,0.991632,2,0.991637,2,0.991086,1,1,1
229,2,C,2,0.996290,2,0.996292,2,0.996338,1,1,1
230,1,B,1,0.550014,1,0.550176,1,0.532540,1,1,1
231,1,B,1,0.990160,1,0.990167,1,0.988777,1,1,1
232,0,A,0,0.614456,0,0.614707,0,0.527954,1,1,1
233,2,C,2,0.996188,2,0.996190,2,0.996280,1,1,1
234,3,D,3,0.999878,3,0.999878,3,0.999876,1,1,1
235,0,A,0,0.830724,0,0.830868,0,0.776219,1,1,1
236,2,C,2,0.819196,2,0.819360,2,0.784256,1,1,1
237,3,D,3,0.998661,3,0.998661,3,0.998639,1,1,1
238,1,B,1,0.997042,1,0.997041,1,0.997366,1,1,1
239,2,C,2,0.997451,2,0.997452,2,0.997431,1,1,1
240,2,C,2,0.417411,2,0.417715,2,0.356091,1,1,1
241,4,E,4,0.998075,4,0.998071,4,0.998495,1,1,1
242,4,E,2,0.788575,2,0.788348,2,0.862693,0,0,0
243,0,A,0,0.540428,0,0.540607,0,0.483924,1,1,1
244,1,B,1,0.997591,1,0.997590,1,0.997872,1,1,1
245,0,A,0,0.504499,0,0.504748,0,0.424614,1,1,1
246,4,E,4,0.999676,4,0.999676,4,0.999716,1,1,1
247,1,B,1,0.997493,1,0.997494,1,0.997383,1,1,1
248,3,D,3,0.999888,3,0.999888,3,0.999881,1,1,1
249,3,D,3,0.999947,3,0.999947,3,0.999945,1,1,1
250,0,A,0,1.000000,0,1.000000,0,1.000000,1,1,1
251,4,E,4,0.997638,4,0.997636,4,0.997911,1,1,1
252,3,D,3,0.999856,3,0.999856,3,0.999852,1,1,1
253,4,E,1,0.832545,1,0.832571,1,0.821784,0,0,0
254,1,B,1,0.995998,1,0.995997,1,0.996533,1,1,1
255,3,D,3,0.999872,3,0.999872,3,0.999869,1,1,1
256,4,E,4,0.999491,4,0.999491,4,0.999584,1,1,1
257,3,D,3,0.999648,3,0.999648,3,0.999640,1,1,1
258,0,A,2,0.475060,2,0.474734,2,0.592328,0,0,0
259,3,D,3,0.999843,3,0.999843,3,0.999839,1,1,1
260,2,C,2,0.991123,2,0.991129,2,0.990488,1,1,1
261,0,A,0,0.663957,0,0.664163,0,0.587498,1,1,1
262,3,D,3,0.999889,3,0.999889,3,0.999887,1,1,1
263,0,A,0,0.662787,0,0.662956,0,0.604344,1,1,1
264,4,E,4,0.999860,4,0.999860,4,0.999876,1,1,1
265,1,B,1,0.997879,1,0.997879,1,0.998082,1,1,1
266,4,E,4,0.999502,4,0.999503,4,0.999380,1,1,1
267,1,B,1,0.993985,1,0.993986,1,0.993801,1,1,1
268,3,D,3,0.999882,3,0.999882,3,0.999879,1,1,1
269,2,C,2,0.995705,2,0.995708,2,0.995761,1,1,1
270,4,E,4,0.999897,4,0.999896,4,0.999909,1,1,1
271,4,E,4,0.999990,4,0.999990,4,0.999991,1,1,1
272,0,A,2,0.565607,2,0.565255,2,0.693690,0,0,0
273,0,A,0,0.999997,0,0.999997,0,0.999998,1,1,1
274,1,B,1,0.996626,1,0.996625,1,0.996985,1,1,1
275,1,B,1,0.999419,1,0.999419,1,0.999397,1,1,1
276,4,E,4,0.540071,4,0.539939,4,0.510243,1,1,1
277,2,C,2,0.996635,2,0.996638,2,0.996603,1,1,1
278,0,A,0,1.000000,0,1.000000,0,1.000000,1,1,1
279,0,A,1,0.400132,1,0.400608,3,0.375694,0,0,0
280,3,D,3,0.999910,3,0.999910,3,0.999907,1,1,1
281,3,D,3,0.984184,3,0.984163,3,0.987924,1,1,1
282,0,A,0,0.931102,0,0.931158,0,0.908565,1,1,1
283,0,A,0,1.000000,0,1.000000,0,1.000000,1,1,1
284,4,E,4,0.979387,4,0.979354,4,0.984384,1,1,1
285,2,C,2,0.903933,2,0.904014,2,0.888972,1,1,1
286,3,D,3,0.999856,3,0.999856,3,0.999853,1,1,1
287,3,D,3,0.999815,3,0.999815,3,0.999814,1,1,1
288,0,A,0,1.000000,0,1.000000,0,1.000000,1,1,1
289,1,B,1,0.995563,1,0.995563,1,0.995982,1,1,1
290,4,E,4,0.999999,4,0.999999,4,0.999998,1,1,1
291,0,A,2,0.449715,2,0.449347,2,0.581250,0,0,0
292,1,B,1,0.996584,1,0.996583,1,0.996912,1,1,1
293,2,C,2,0.981943,2,0.981959,2,0.978871,1,1,1
294,4,E,4,0.649997,4,0.649842,4,0.699246,1,1,1
295,0,A,0,0.737252,0,0.737380,0,0.694624,1,1,1
296,2,C,2,0.997084,2,0.997088,2,0.997127,1,1,1
297,3,D,3,0.999741,3,0.999741,3,0.999740,1,1,1
298,2,C,2,0.996995,2,0.996997,2,0.997089,1,1,1
299,4,E,4,0.999996,4,0.999996,4,0.999994,1,1,1
300,1,B,2,0.688802,2,0.688582,2,0.750848,0,0,0
301,2,C,2,0.997230,2,0.997232,2,0.997210,1,1,1
302,3,D,3,0.999766,3,0.999766,3,0.999764,1,1,1
303,0,A,0,0.833952,0,0.834122,0,0.762638,1,1,1
304,0,A,0,0.587301,0,0.587501,0,0.518297,1,1,1
305,0,A,0,1.000000,0,1.000000,0,1.000000,1,1,1
306,2,C,2,0.996783,2,0.996785,2,0.996741,1,1,1
307,0,A,0,0.865057,0,0.865120,0,0.845832,1,1,1
308,4,E,4,0.999634,4,0.999634,4,0.999642,1,1,1
309,0,A,0,0.584563,0,0.584821,0,0.490307,1,1,1
310,1,B,1,0.987310,1,0.987308,1,0.987081,1,1,1
311,3,D,3,0.999899,3,0.999899,3,0.999896,1,1,1
312,0,A,0,1.000000,0,1.000000,0,1.000000,1,1,1
313,3,D,3,0.999931,3,0.999931,3,0.999938,1,1,1
314,2,C,2,0.990447,2,0.990454,2,0.989750,1,1,1
315,4,E,4,0.980411,4,0.980399,4,0.980648,1,1,1
316,2,C,2,0.540886,2,0.541210,2,0.471293,1,1,1
317,3,D,3,0.999628,3,0.999628,3,0.999509,1,1,1
318,2,C,2,0.989753,2,0.989747,2,0.991583,1,1,1
319,0,A,0,0.996150,0,0.996151,0,0.995281,1,1,1
320,0,A,2,0.966965,2,0.966988,2,0.965526,0,0,0
321,1,B,1,0.994115,1,0.994114,1,0.994640,1,1,1
322,1,B,1,0.996713,1,0.996712,1,0.997126,1,1,1
323,0,A,0,0.999999,0,0.999999,0,0.999999,1,1,1
324,3,D,3,0.999934,3,0.999934,3,0.999931,1,1,1
325,1,B,3,0.465765,3,0.465479,3,0.515814,0,0,0
326,0,A,0,0.507904,0,0.508262,2,0.502470,1,1,0
327,3,D,3,0.999480,3,0.999480,3,0.999478,1,1,1
328,3,D,3,0.999888,3,0.999888,3,0.999885,1,1,1
329,0,A,0,0.583633,0,0.583807,0,0.575910,1,1,1
330,4,E,4,0.999738,4,0.999738,4,0.999713,1,1,1
331,3,D,3,0.999517,3,0.999517,3,0.999520,1,1,1
332,4,E,4,0.998955,4,0.998955,4,0.999071,1,1,1
333,0,A,2,0.382843,2,0.382498,2,0.524890,0,0,0
334,0,A,0,0.807374,0,0.807392,0,0.802705,1,1,1
335,2,C,2,0.993868,2,0.993872,2,0.993205,1,1,1
336,3,D,3,0.999804,3,0.999804,3,0.999806,1,1,1
337,4,E,4,0.934377,4,0.934362,4,0.925851,1,1,1
338,2,C,2,0.964053,2,0.964074,2,0.960765,1,1,1
339,3,D,3,0.999914,3,0.999914,3,0.999911,1,1,1
340,0,A,0,0.735653,0,0.735878,0,0.649746,1,1,1
341,2,C,2,0.990203,2,0.990209,2,0.989435,1,1,1
342,2,C,2,0.997153,2,0.997155,2,0.997114,1,1,1
343,1,B,1,0.993432,1,0.993435,1,0.992895,1,1,1
344,2,C,2,0.697703,2,0.697941,2,0.635476,1,1,1
345,1,B,1,0.969330,1,0.969356,1,0.963823,1,1,1
346,1,B,1,0.823421,1,0.823430,1,0.829401,1,1,1
347,3,D,3,0.999757,3,0.999757,3,0.999740,1,1,1
348,4,E,4,0.967303,4,0.967334,4,0.953235,1,1,1
349,4,E,4,0.999982,4,0.999982,4,0.999982,1,1,1
350,4,E,4,0.999996,4,0.999996,4,0.999995,1,1,1
351,4,E,4,0.999358,4,0.999358,4,0.999403,1,1,1
352,0,A,0,0.999998,0,0.999998,0,0.999998,1,1,1
353,0,A,0,0.902346,0,0.902444,0,0.858292,1,1,1
354,1,B,2,0.683912,2,0.684175,2,0.626404,0,0,0
355,4,E,4,0.992206,4,0.992199,4,0.992367,1,1,1
356,3,D,3,0.999862,3,0.999863,3,0.999818,1,1,1
357,2,C,2,0.997147,2,0.997149,2,0.997206,1,1,1
358,3,D,3,0.999904,3,0.999904,3,0.999900,1,1,1
359,2,C,2,0.996821,2,0.996823,2,0.996879,1,1,1
360,0,A,2,0.923674,2,0.923742,2,0.908350,0,0,0
361,1,B,1,0.994446,1,0.994448,1,0.994224,1,1,1
362,1,B,1,0.995678,1,0.995677,1,0.996165,1,1,1
363,2,C,2,0.692872,2,0.693110,2,0.642342,1,1,1
364,3,D,3,0.999919,3,0.999919,3,0.999916,1,1,1
365,2,C,2,0.321628,2,0.321898,3,0.332865,1,1,0
366,1,B,1,0.998275,1,0.998275,1,0.998433,1,1,1
367,2,C,2,0.995460,2,0.995462,2,0.995566,1,1,1
368,4,E,4,0.980418,4,0.980405,4,0.982731,1,1,1
369,4,E,4,0.999397,4,0.999396,4,0.999443,1,1,1
370,1,B,1,0.998631,1,0.998631,1,0.998822,1,1,1
371,0,A,1,0.647538,1,0.647424,1,0.680527,0,0,0
372,4,E,4,0.999890,4,0.999890,4,0.999910,1,1,1
373,4,E,4,0.999992,4,0.999992,4,0.999992,1,1,1
374,1,B,1,0.995118,1,0.995120,1,0.994962,1,1,1
375,3,D,3,0.999464,3,0.999465,3,0.999459,1,1,1
376,0,A,0,1.000000,0,1.000000,0,1.000000,1,1,1
377,4,E,0,0.558933,0,0.559081,0,0.512555,0,0,0
378,4,E,4,0.987370,4,0.987353,4,0.989310,1,1,1
379,2,C,2,0.516075,2,0.516385,2,0.447087,1,1,1
380,2,C,2,0.995151,2,0.995154,2,0.994837,1,1,1
381,4,E,4,0.999914,4,0.999914,4,0.999922,1,1,1
382,4,E,4,0.999990,4,0.999990,4,0.999992,1,1,1
383,3,D,3,0.999851,3,0.999851,3,0.999847,1,1,1
384,0,A,0,0.999988,0,0.999988,0,0.999990,1,1,1
385,2,C,2,0.995299,2,0.995303,2,0.995233,1,1,1
386,1,B,1,0.996624,1,0.996624,1,0.997040,1,1,1
387,0,A,2,0.489756,2,0.489395,2,0.623785,0,0,0
388,1,B,1,0.991479,1,0.991490,1,0.988685,1,1,1
389,0,A,0,1.000000,0,1.000000,0,1.000000,1,1,1
390,3,D,3,0.999835,3,0.999835,3,0.999833,1,1,1
391,3,D,3,0.999902,3,0.999902,3,0.999899,1,1,1
392,0,A,1,0.505635,1,0.505717,1,0.476574,0,0,0
393,0,A,2,0.869751,2,0.869618,2,0.898754,0,0,0
394,2,C,2,0.758067,2,0.758259,2,0.718774,1,1,1
395,0,A,0,0.556388,0,0.556697,0,0.447609,1,1,1
396,0,A,0,0.990811,0,0.990823,0,0.986781,1,1,1
397,2,C,2,0.989429,2,0.989435,2,0.988905,1,1,1
398,4,E,4,0.999279,4,0.999278,4,0.999313,1,1,1
399,1,B,1,0.991487,1,0.991485,1,0.992322,1,1,1
400,2,C,2,0.357507,2,0.357792,1,0.316559,1,1,0
401,2,C,2,0.450719,2,0.451039,2,0.382907,1,1,1
402,3,D,3,0.998115,3,0.998115,3,0.998077,1,1,1
403,0,A,0,0.709872,0,0.710126,0,0.602992,1,1,1
404,0,A,0,0.761167,0,0.761330,0,0.702115,1,1,1
405,2,C,2,0.975468,2,0.975456,2,0.979852,1,1,1
406,4,E,4,0.999934,4,0.999934,4,0.999940,1,1,1
407,4,E,4,0.999082,4,0.999082,4,0.999106,1,1,1
408,4,E,4,0.999810,4,0.999809,4,0.999827,1,1,1
409,2,C,2,0.989347,2,0.989353,2,0.988906,1,1,1
410,2,C,2,0.996442,2,0.996445,2,0.996069,1,1,1
411,1,B,1,0.979649,1,0.979673,1,0.973113,1,1,1
412,2,C,2,0.996128,2,0.996131,2,0.995896,1,1,1
413,2,C,2,0.710707,2,0.710919,2,0.662872,1,1,1
414,4,E,4,0.994647,4,0.994646,4,0.995009,1,1,1
415,0,A,0,0.999998,0,0.999998,0,0.999998,1,1,1
416,1,B,1,0.994702,1,0.994703,1,0.994590,1,1,1
417,3,D,3,0.999859,3,0.999859,3,0.999855,1,1,1
418,2,C,2,0.997225,2,0.997227,2,0.997184,1,1,1
419,3,D,3,0.999856,3,0.999856,3,0.999853,1,1,1
420,2,C,2,0.997559,2,0.997561,2,0.997541,1,1,1
421,4,E,4,0.998284,4,0.998281,4,0.998589,1,1,1
422,4,E,4,0.999694,4,0.999694,4,0.999749,1,1,1
423,4,E,4,1.000000,4,1.000000,4,1.000000,1,1,1
424,3,D,3,0.999403,3,0.999404,3,0.999363,1,1,1
425,0,A,2,0.388912,2,0.388583,2,0.525375,0,0,0
426,0,A,0,0.819834,0,0.819928,0,0.748998,1,1,1
427,3,D,3,0.999857,3,0.999857,3,0.999848,1,1,1
428,2,C,2,0.858593,2,0.858718,2,0.831445,1,1,1
429,3,D,3,0.999630,3,0.999630,3,0.999629,1,1,1
430,2,C,2,0.985465,2,0.985478,2,0.984205,1,1,1
431,2,C,2,0.996776,2,0.996778,2,0.996842,1,1,1
432,1,B,1,0.987684,1,0.987683,1,0.988988,1,1,1
433,2,C,2,0.996343,2,0.996345,2,0.996291,1,1,1
434,1,B,1,0.996899,1,0.996898,1,0.997145,1,1,1
435,4,E,4,0.994406,4,0.994402,4,0.994353,1,1,1
436,2,C,2,0.483761,2,0.484088,2,0.413471,1,1,1
437,3,D,3,0.999866,3,0.999866,3,0.999864,1,1,1
438,3,D,2,0.996264,2,0.996266,2,0.996335,0,0,0
439,0,A,0,1.000000,0,1.000000,0,1.000000,1,1,1
440,0,A,2,0.422046,2,0.421671,2,0.556722,0,0,0
441,0,A,0,1.000000,0,1.000000,0,1.000000,1,1,1
442,0,A,2,0.889832,2,0.889923,2,0.872063,0,0,0
443,1,B,1,0.981759,1,0.981764,1,0.981202,1,1,1
444,4,E,4,0.946777,4,0.946835,4,0.933919,1,1,1
445,0,A,0,1.000000,0,1.000000,0,1.000000,1,1,1
446,3,D,3,0.999596,3,0.999596,3,0.999595,1,1,1
447,0,A,2,0.823511,2,0.823338,2,0.881472,0,0,0
448,4,E,4,0.995462,4,0.995466,4,0.993401,1,1,1
449,0,A,0,1.000000,0,1.000000,0,1.000000,1,1,1
450,0,A,0,1.000000,0,1.000000,0,1.000000,1,1,1
451,3,D,3,0.999705,3,0.999705,3,0.999700,1,1,1
452,0,A,2,0.895393,2,0.895268,2,0.933743,0,0,0
453,1,B,1,0.991984,1,0.991989,1,0.991160,1,1,1
454,0,A,0,0.592520,0,0.592700,0,0.531323,1,1,1
455,2,C,2,0.996548,2,0.996550,2,0.996502,1,1,1
456,0,A,0,0.831160,0,0.831287,0,0.783362,1,1,1
457,0,A,0,0.834470,0,0.834545,0,0.812961,1,1,1
458,1,B,1,0.997597,1,0.997598,1,0.997458,1,1,1
459,2,C,2,0.991097,2,0.991102,2,0.991088,1,1,1
460,0,A,0,0.950790,0,0.950809,0,0.947382,1,1,1
461,1,B,3,0.931596,3,0.931413,3,0.958436,0,0,0
462,3,D,3,0.999821,3,0.999821,3,0.999819,1,1,1
463,2,C,2,0.991792,2,0.991796,2,0.991885,1,1,1
464,3,D,3,0.999887,3,0.999887,3,0.999884,1,1,1
465,0,A,1,0.478882,1,0.479203,0,0.501223,0,0,1
466,3,D,3,0.999854,3,0.999854,3,0.999852,1,1,1
467,3,D,3,0.999428,3,0.999428,3,0.999421,1,1,1
468,4,E,4,0.872966,4,0.872921,4,0.876199,1,1,1
469,3,D,2,0.422092,2,0.422451,3,0.485266,0,0,1
470,2,C,2,0.967385,2,0.967402,2,0.966727,1,1,1
471,1,B,1,0.964909,1,0.964944,1,0.956632,1,1,1
472,3,D,3,0.999373,3,0.999373,3,0.999362,1,1,1
473,4,E,4,0.999832,4,0.999832,4,0.999872,1,1,1
474,3,D,3,0.999851,3,0.999851,3,0.999847,1,1,1
475,2,C,2,0.749485,2,0.749709,2,0.698194,1,1,1
476,0,A,0,0.999999,0,0.999999,0,0.999999,1,1,1
477,2,C,2,0.962111,2,0.962144,2,0.955926,1,1,1
478,1,B,1,0.997011,1,0.997011,1,0.997389,1,1,1
479,2,C,2,0.996815,2,0.996817,2,0.996880,1,1,1
480,4,E,4,0.994894,4,0.994887,4,0.995649,1,1,1
481,4,E,4,0.999970,4,0.999970,4,0.999958,1,1,1
482,0,A,0,1.000000,0,1.000000,0,1.000000,1,1,1
483,3,D,3,0.999181,3,0.999181,3,0.999173,1,1,1
484,3,D,3,0.999197,3,0.999197,3,0.999193,1,1,1
485,4,E,4,0.665843,4,0.665529,4,0.725068,1,1,1
486,3,D,3,0.999716,3,0.999716,3,0.999711,1,1,1
487,1,B,2,0.483967,2,0.483703,2,0.588715,0,0,0
488,1,B,1,0.744292,1,0.744374,1,0.739517,1,1,1
489,1,B,1,0.992700,1,0.992702,1,0.992690,1,1,1
490,0,A,1,0.422559,1,0.422716,2,0.452340,0,0,0
491,4,E,4,0.653988,4,0.654095,4,0.607605,1,1,1
492,3,D,3,0.999915,3,0.999915,3,0.999922,1,1,1
493,4,E,4,0.904504,4,0.904411,4,0.919585,1,1,1
494,4,E,4,0.999962,4,0.999962,4,0.999965,1,1,1
495,2,C,2,0.684134,2,0.684358,2,0.637203,1,1,1
496,0,A,0,0.999999,0,0.999999,0,0.999999,1,1,1
497,3,D,3,0.999790,3,0.999790,3,0.999788,1,1,1
498,2,C,2,0.996887,2,0.996889,2,0.996829,1,1,1
499,1,B,1,0.999109,1,0.999110,1,0.998959,1,1,1
500,1,B,1,0.991888,1,0.991886,1,0.992808,1,1,1
501,1,B,1,0.910309,1,0.910402,1,0.881581,1,1,1
502,4,E,4,0.999988,4,0.999988,4,0.999988,1,1,1
503,2,C,2,0.995229,2,0.995234,2,0.994632,1,1,1
504,2,C,2,0.997340,2,0.997342,2,0.997302,1,1,1
505,4,E,4,0.999949,4,0.999949,4,0.999954,1,1,1
506,0,A,0,0.745863,0,0.746101,0,0.650429,1,1,1
507,3,D,3,0.999879,3,0.999879,3,0.999875,1,1,1
508,4,E,4,0.999360,4,0.999359,4,0.999413,1,1,1
509,2,C,2,0.997815,2,0.997816,2,0.997812,1,1,1
510,2,C,2,0.990941,2,0.990947,2,0.989782,1,1,1
511,3,D,3,0.999942,3,0.999942,3,0.999941,1,1,1
512,1,B,1,0.981103,1,0.981099,1,0.985081,1,1,1
513,2,C,2,0.998256,2,0.998255,2,0.998492,1,1,1
514,0,A,0,0.871182,0,0.871257,0,0.845763,1,1,1
515,4,E,4,0.985667,4,0.985667,4,0.988007,1,1,1
516,1,B,1,0.998356,1,0.998356,1,0.998420,1,1,1
517,3,D,3,0.999392,3,0.999392,3,0.999386,1,1,1
518,1,B,1,0.617090,1,0.617202,1,0.591601,1,1,1
519,3,D,3,0.999721,3,0.999721,3,0.999717,1,1,1
520,1,B,1,0.990921,1,0.990919,1,0.991962,1,1,1
521,4,E,4,0.952627,4,0.952619,4,0.957075,1,1,1
522,4,E,4,0.982729,4,0.982704,4,0.986982,1,1,1
523,0,A,0,0.563605,0,0.563984,2,0.523846,1,1,0
524,0,A,2,0.508263,2,0.507915,2,0.631905,0,0,0
525,3,D,3,0.999857,3,0.999857,3,0.999854,1,1,1
526,4,E,4,0.993945,4,0.993938,4,0.994904,1,1,1
527,0,A,2,0.332435,2,0.332185,2,0.419466,0,0,0
528,4,E,4,0.998301,4,0.998300,4,0.998285,1,1,1
529,0,A,0,0.731005,0,0.731187,0,0.667893,1,1,1
530,3,D,3,0.999867,3,0.999867,3,0.999864,1,1,1
531,0,A,0,1.000000,0,1.000000,0,1.000000,1,1,1
532,1,B,1,0.989286,1,0.989284,1,0.990156,1,1,1
533,1,B,1,0.990141,1,0.990144,1,0.989915,1,1,1
534,2,C,2,0.997662,2,0.997663,2,0.997567,1,1,1
535,2,C,2,0.965380,2,0.965410,2,0.959019,1,1,1
536,1,B,1,0.998097,1,0.998097,1,0.998324,1,1,1
537,4,E,4,0.996526,4,0.996523,4,0.996668,1,1,1
538,1,B,1,0.995152,1,0.995153,1,0.995211,1,1,1
539,3,D,3,0.999877,3,0.999877,3,0.999874,1,1,1
540,4,E,4,0.728705,4,0.728604,4,0.753312,1,1,1
541,3,D,3,0.999661,3,0.999661,3,0.999660,1,1,1
542,3,D,3,0.999879,3,0.999879,3,0.999877,1,1,1
543,2,C,2,0.993762,2,0.993766,2,0.993569,1,1,1
544,2,C,2,0.997562,2,0.997564,2,0.997549,1,1,1
545,4,E,4,0.981022,4,0.981007,4,0.982521,1,1,1
546,2,C,2,0.982278,2,0.982288,2,0.981558,1,1,1
547,3,D,3,0.999160,3,0.999160,3,0.999156,1,1,1
548,2,C,2,0.995607,2,0.995610,2,0.995565,1,1,1
549,3,D,3,0.999899,3,0.999899,3,0.999897,1,1,1
550,0,A,0,0.546365,0,0.546707,2,0.449256,1,1,0
551,3,D,3,0.999891,3,0.999891,3,0.999889,1,1,1
552,0,A,0,0.736085,0,0.736293,0,0.649177,1,1,1
553,4,E,4,0.999521,4,0.999521,4,0.999559,1,1,1
554,2,C,2,0.863841,2,0.863954,2,0.839242,1,1,1
555,1,B,1,0.995935,1,0.995934,1,0.996386,1,1,1
556,4,E,4,0.998724,4,0.998723,4,0.998767,1,1,1
557,0,A,0,1.000000,0,1.000000,0,1.000000,1,1,1
558,1,B,1,0.995177,1,0.995184,1,0.993748,1,1,1
559,3,D,3,0.999868,3,0.999868,3,0.999865,1,1,1
560,0,A,2,0.427820,2,0.427459,2,0.558192,0,0,0
561,4,E,0,0.603857,0,0.604165,0,0.656855,0,0,0
562,0,A,0,1.000000,0,1.000000,0,1.000000,1,1,1
563,2,C,2,0.996089,2,0.996091,2,0.996032,1,1,1
564,1,B,1,0.992566,1,0.992570,1,0.991904,1,1,1
565,3,D,3,0.999885,3,0.999885,3,0.999883,1,1,1
566,3,D,3,0.999647,3,0.999647,3,0.999645,1,1,1
567,1,B,1,0.998488,1,0.998489,1,0.998421,1,1,1
568,4,E,4,0.999975,4,0.999975,4,0.999977,1,1,1
569,2,C,2,0.997482,2,0.997484,2,0.997470,1,1,1
570,2,C,2,0.995006,2,0.995010,2,0.994378,1,1,1
571,0,A,0,1.000000,0,1.000000,0,1.000000,1,1,1
572,4,E,4,0.999996,4,0.999996,4,0.999996,1,1,1
573,2,C,2,0.996331,2,0.996334,2,0.996255,1,1,1
574,3,D,3,0.998447,3,0.998447,3,0.998687,1,1,1
575,2,C,2,0.996617,2,0.996619,2,0.996558,1,1,1
576,0,A,2,0.829169,2,0.828999,2,0.889138,0,0,0
577,1,B,1,0.996637,1,0.996639,1,0.996428,1,1,1
578,3,D,3,0.999880,3,0.999880,3,0.999877,1,1,1
579,3,D,3,0.999925,3,0.999925,3,0.999922,1,1,1
580,1,B,1,0.995335,1,0.995334,1,0.995723,1,1,1
581,4,E,4,0.997498,4,0.997501,4,0.996722,1,1,1
582,1,B,1,0.997183,1,0.997183,1,0.997526,1,1,1
583,1,B,0,0.727834,0,0.728022,0,0.661898,0,0,0
584,0,A,0,0.755026,0,0.755264,0,0.661290,1,1,1
585,2,C,2,0.995453,2,0.995456,2,0.995237,1,1,1
586,1,B,3,0.790024,3,0.789501,3,0.879838,0,0,0
587,2,C,2,0.417089,2,0.417376,1,0.361320,1,1,0
588,0,A,0,0.616460,0,0.616691,0,0.542350,1,1,1
589,2,C,2,0.999052,2,0.999053,2,0.999010,1,1,1
590,4,E,4,0.975078,4,0.975062,4,0.975467,1,1,1
591,1,B,2,0.900653,2,0.900735,2,0.885040,0,0,0
592,2,C,2,0.988255,2,0.988264,2,0.987117,1,1,1
593,4,E,4,0.998054,4,0.998052,4,0.998390,1,1,1
594,1,B,1,0.982393,1,0.982397,1,0.982107,1,1,1
595,1,B,1,0.998657,1,0.998657,1,0.998698,1,1,1
596,4,E,4,0.999888,4,0.999888,4,0.999908,1,1,1
597,1,B,1,0.989031,1,0.989029,1,0.989511,1,1,1
598,2,C,2,0.853624,2,0.853750,2,0.830511,1,1,1
599,4,E,4,0.974825,4,0.974801,4,0.974479,1,1,1
600,0,A,0,0.469689,0,0.470027,2,0.522895,1,1,0
601,1,B,1,0.997049,1,0.997048,1,0.997404,1,1,1
602,0,A,3,0.998128,3,0.998126,3,0.998518,0,0,0
603,3,D,3,0.999880,3,0.999880,3,0.999877,1,1,1
604,3,D,3,0.999735,3,0.999735,3,0.999729,1,1,1
605,0,A,0,1.000000,0,1.000000,0,1.000000,1,1,1
606,3,D,3,0.999931,3,0.999931,3,0.999907,1,1,1
607,1,B,1,0.997338,1,0.997337,1,0.997646,1,1,1
608,0,A,1,0.463287,1,0.463257,1,0.472146,0,0,0
609,1,B,1,0.996468,1,0.996467,1,0.996839,1,1,1
610,1,B,1,0.999981,1,0.999981,1,0.999966,1,1,1
611,2,C,2,0.997434,2,0.997436,2,0.997193,1,1,1
612,4,E,4,0.999996,4,0.999996,4,0.999995,1,1,1
613,4,E,4,0.997873,4,0.997871,4,0.997987,1,1,1
614,4,E,4,0.999811,4,0.999811,4,0.999736,1,1,1
615,4,E,4,0.999492,4,0.999491,4,0.999493,1,1,1
616,0,A,0,1.000000,0,1.000000,0,1.000000,1,1,1
617,4,E,4,0.999838,4,0.999838,4,0.999758,1,1,1
618,0,A,0,0.483506,0,0.483770,0,0.404506,1,1,1
619,2,C,2,0.995606,2,0.995609,2,0.995513,1,1,1
620,0,A,0,0.906252,0,0.906333,0,0.890144,1,1,1
621,3,D,3,0.999838,3,0.999838,3,0.999834,1,1,1
622,4,E,4,0.998710,4,0.998709,4,0.998887,1,1,1
623,4,E,4,0.942930,4,0.942918,4,0.952348,1,1,1
624,2,C,2,0.996441,2,0.996443,2,0.996390,1,1,1
625,1,B,1,0.933864,1,0.934001,1,0.894630,1,1,1
626,0,A,3,0.991436,3,0.991425,3,0.993189,0,0,0
627,1,B,1,0.990194,1,0.990192,1,0.991238,1,1,1
628,0,A,0,0.999998,0,0.999998,0,0.999999,1,1,1
629,1,B,1,0.728980,1,0.729005,1,0.726558,1,1,1
630,4,E,4,0.997174,4,0.997171,4,0.997269,1,1,1
631,4,E,4,0.999940,4,0.999940,4,0.999938,1,1,1
632,4,E,4,0.992705,4,0.992700,4,0.994272,1,1,1
633,3,D,4,0.999630,4,0.999630,4,0.999673,0,0,0
634,2,C,2,0.957961,2,0.957999,2,0.950954,1,1,1
635,1,B,2,0.549013,2,0.549276,2,0.492852,0,0,0
636,3,D,3,0.999795,3,0.999796,3,0.999790,1,1,1
637,2,C,2,0.750179,2,0.750332,2,0.722974,1,1,1
638,1,B,1,0.998492,1,0.998492,1,0.998636,1,1,1
639,3,D,3,0.999818,3,0.999818,3,0.999816,1,1,1
640,4,E,4,0.999888,4,0.999888,4,0.999911,1,1,1
641,1,B,3,0.521133,3,0.520869,3,0.667038,0,0,0
642,2,C,2,0.587186,2,0.587461,2,0.531224,1,1,1
643,3,D,3,0.999839,3,0.999839,3,0.999835,1,1,1
644,2,C,2,0.995916,2,0.995919,2,0.995597,1,1,1
645,3,D,3,0.999767,3,0.999767,3,0.999764,1,1,1
646,2,C,2,0.994161,2,0.994165,2,0.994053,1,1,1
647,4,E,4,0.511257,4,0.511146,4,0.539022,1,1,1
648,3,D,3,0.999870,3,0.999870,3,0.999867,1,1,1
649,2,C,2,0.998540,2,0.998542,2,0.998416,1,1,1
650,4,E,4,0.999821,4,0.999821,4,0.999865,1,1,1
651,4,E,4,0.999996,4,0.999996,4,0.999997,1,1,1
652,4,E,4,0.988338,4,0.988333,4,0.988910,1,1,1
653,4,E,4,0.999990,4,0.999990,4,0.999986,1,1,1
654,0,A,2,0.788463,2,0.788226,2,0.871137,0,0,0
655,1,B,1,0.937068,1,0.937146,1,0.914120,1,1,1
656,2,C,2,0.655999,2,0.656259,2,0.596040,1,1,1
657,2,C,2,0.997776,2,0.997778,2,0.997763,1,1,1
658,1,B,1,0.988168,1,0.988163,1,0.987746,1,1,1
659,0,A,0,1.000000,0,1.000000,0,1.000000,1,1,1
660,1,B,1,0.990507,1,0.990509,1,0.990195,1,1,1
661,0,A,0,0.773718,0,0.773798,0,0.728419,1,1,1
662,3,D,3,0.999869,3,0.999869,3,0.999866,1,1,1
663,3,D,3,0.999929,3,0.999929,3,0.999911,1,1,1
664,0,A,2,0.945486,2,0.945533,2,0.937309,0,0,0
665,2,C,2,0.998015,2,0.998016,2,0.998084,1,1,1
666,2,C,2,0.980635,2,0.980652,2,0.977885,1,1,1
667,2,C,2,0.992768,2,0.992773,2,0.992310,1,1,1
668,2,C,2,0.998367,2,0.998368,2,0.998327,1,1,1
669,0,A,0,1.000000,0,1.000000,0,1.000000,1,1,1
670,0,A,0,0.999999,0,0.999999,0,0.999999,1,1,1
671,3,D,3,0.999883,3,0.999883,3,0.999881,1,1,1
672,3,D,3,0.999809,3,0.999809,3,0.999806,1,1,1
673,2,C,2,0.994374,2,0.994378,2,0.994198,1,1,1
674,0,A,0,0.999990,0,0.999990,0,0.999989,1,1,1
675,0,A,0,1.000000,0,1.000000,0,1.000000,1,1,1
676,1,B,1,0.998972,1,0.998972,1,0.999130,1,1,1
677,3,D,3,0.999407,3,0.999407,3,0.999320,1,1,1
678,3,D,3,0.999884,3,0.999884,3,0.999882,1,1,1
679,1,B,1,0.997106,1,0.997105,1,0.997392,1,1,1
680,4,E,4,0.999839,4,0.999839,4,0.999739,1,1,1
681,2,C,2,0.997947,2,0.997948,2,0.997861,1,1,1
682,1,B,1,0.998901,1,0.998900,1,0.999056,1,1,1
683,1,B,1,0.998347,1,0.998348,1,0.998348,1,1,1
684,3,D,3,0.999879,3,0.999879,3,0.999876,1,1,1
685,1,B,1,0.996845,1,0.996845,1,0.997195,1,1,1
686,2,C,2,0.998002,2,0.998004,2,0.998007,1,1,1
687,0,A,0,1.000000,0,1.000000,0,1.000000,1,1,1
688,2,C,2,0.993939,2,0.993943,2,0.993658,1,1,1
689,0,A,0,0.550255,0,0.550651,2,0.557124,1,1,0
690,2,C,2,0.994070,2,0.994075,2,0.993565,1,1,1
691,2,C,2,0.994133,2,0.994137,2,0.993467,1,1,1
692,2,C,2,0.992907,2,0.992912,2,0.992409,1,1,1
693,1,B,2,0.561085,2,0.560886,2,0.583868,0,0,0
694,1,B,1,0.944708,1,0.944736,1,0.935931,1,1,1
695,4,E,4,0.999786,4,0.999786,4,0.999705,1,1,1
696,0,A,0,1.000000,0,1.000000,0,1.000000,1,1,1
697,2,C,2,0.996370,2,0.996372,2,0.996473,1,1,1
698,3,D,3,0.999916,3,0.999916,3,0.999914,1,1,1
699,3,D,3,0.999820,3,0.999820,3,0.999814,1,1,1
700,0,A,3,0.612211,3,0.611424,3,0.763874,0,0,0
701,2,C,2,0.982663,2,0.982678,2,0.979643,1,1,1
702,2,C,2,0.995978,2,0.995983,2,0.995608,1,1,1
703,4,E,4,0.998783,4,0.998782,4,0.998963,1,1,1
704,3,D,3,0.999201,3,0.999201,3,0.999307,1,1,1
705,4,E,4,0.823469,4,0.823395,4,0.812312,1,1,1
706,0,A,2,0.588263,2,0.588028,2,0.670677,0,0,0
707,3,D,3,0.999938,3,0.999938,3,0.999935,1,1,1
708,1,B,1,0.998419,1,0.998419,1,0.998525,1,1,1
709,3,D,3,0.999702,3,0.999702,3,0.999697,1,1,1
710,4,E,4,0.999863,4,0.999863,4,0.999889,1,1,1
711,0,A,0,0.834260,0,0.834394,0,0.779684,1,1,1
712,0,A,0,1.000000,0,1.000000,0,1.000000,1,1,1
713,4,E,4,1.000000,4,1.000000,4,1.000000,1,1,1
714,4,E,4,0.996235,4,0.996233,4,0.996666,1,1,1
715,0,A,0,1.000000,0,1.000000,0,1.000000,1,1,1
716,2,C,1,0.576806,1,0.576774,1,0.591943,0,0,0
717,4,E,4,0.988773,4,0.988758,4,0.990990,1,1,1
718,0,A,0,1.000000,0,1.000000,0,1.000000,1,1,1
719,3,D,3,0.999933,3,0.999933,3,0.999931,1,1,1
720,4,E,4,0.995337,4,0.995336,4,0.995058,1,1,1
721,2,C,2,0.997588,2,0.997590,2,0.997489,1,1,1
722,3,D,3,0.999526,3,0.999526,3,0.999455,1,1,1
723,3,D,3,0.999903,3,0.999903,3,0.999901,1,1,1
724,3,D,3,0.999797,3,0.999797,3,0.999786,1,1,1
725,2,C,2,0.996649,2,0.996651,2,0.996604,1,1,1
726,4,E,4,0.998285,4,0.998283,4,0.998525,1,1,1
727,1,B,1,0.981983,1,0.981987,1,0.981360,1,1,1
728,1,B,1,0.998183,1,0.998183,1,0.998202,1,1,1
729,2,C,2,0.999523,2,0.999523,2,0.999552,1,1,1
730,0,A,2,0.966853,2,0.966806,2,0.981793,0,0,0
731,3,D,3,0.999879,3,0.999879,3,0.999877,1,1,1
732,1,B,1,0.997732,1,0.997731,1,0.998008,1,1,1
733,0,A,0,1.000000,0,1.000000,0,1.000000,1,1,1
734,2,C,2,0.997345,2,0.997347,2,0.997310,1,1,1
735,3,D,3,0.671921,3,0.671264,3,0.767796,1,1,1
736,2,C,2,0.998214,2,0.998216,2,0.998037,1,1,1
737,3,D,3,0.814733,3,0.814392,3,0.882852,1,1,1
738,2,C,2,0.997655,2,0.997656,2,0.997732,1,1,1
739,1,B,1,0.995470,1,0.995469,1,0.995934,1,1,1
740,3,D,3,0.999882,3,0.999882,3,0.999879,1,1,1
741,3,D,3,0.999808,3,0.999808,3,0.999806,1,1,1
742,4,E,4,0.999937,4,0.999937,4,0.999946,1,1,1
743,4,E,4,0.999825,4,0.999825,4,0.999801,1,1,1
744,3,D,2,0.975505,2,0.975508,2,0.975278,0,0,0
745,0,A,2,0.617801,2,0.617541,2,0.709216,0,0,0
746,4,E,4,0.999975,4,0.999975,4,0.999978,1,1,1
747,1,B,1,0.421112,1,0.421315,1,0.372950,1,1,1
748,1,B,1,0.995115,1,0.995114,1,0.995697,1,1,1
749,1,B,1,0.997818,1,0.997818,1,0.997850,1,1,1
750,2,C,2,0.996520,2,0.996518,2,0.997470,1,1,1
751,0,A,0,1.000000,0,1.000000,0,1.000000,1,1,1
752,2,C,2,0.988476,2,0.988483,2,0.988451,1,1,1
753,0,A,3,0.573281,3,0.572982,3,0.625158,0,0,0
754,3,D,3,0.999744,3,0.999744,3,0.999638,1,1,1
755,0,A,0,0.495448,0,0.495811,2,0.520087,1,1,0
756,2,C,2,0.995637,2,0.995640,2,0.995334,1,1,1
757,4,E,4,0.999732,4,0.999732,4,0.999696,1,1,1
758,1,B,1,0.986142,1,0.986153,1,0.984030,1,1,1
759,0,A,2,0.657826,2,0.657501,2,0.768721,0,0,0
760,1,B,1,0.998044,1,0.998043,1,0.998270,1,1,1
761,4,E,4,0.994193,4,0.994187,4,0.995008,1,1,1
762,0,A,0,0.999993,0,0.999993,0,0.999992,1,1,1
763,1,B,1,0.989717,1,0.989715,1,0.990345,1,1,1
764,0,A,0,1.000000,0,1.000000,0,1.000000,1,1,1
765,0,A,0,0.594197,0,0.594556,0,0.466441,1,1,1
766,0,A,0,1.000000,0,1.000000,0,1.000000,1,1,1
767,3,D,3,0.999524,3,0.999524,3,0.999527,1,1,1
768,2,C,2,0.886394,2,0.886486,2,0.868300,1,1,1
769,3,D,3,0.999867,3,0.999867,3,0.999861,1,1,1
770,2,C,2,0.998908,2,0.998909,2,0.998823,1,1,1
771,4,E,4,0.999720,4,0.999720,4,0.999595,1,1,1
772,2,C,2,0.998221,2,0.998222,2,0.998164,1,1,1
773,0,A,2,0.893271,2,0.893158,2,0.934095,0,0,0
774,4,E,4,0.999964,4,0.999964,4,0.999947,1,1,1
775,0,A,0,1.000000,0,1.000000,0,1.000000,1,1,1
776,3,D,3,0.999855,3,0.999855,3,0.999852,1,1,1
777,4,E,4,0.984733,4,0.984725,4,0.985779,1,1,1
778,1,B,1,0.992202,1,0.992204,1,0.992159,1,1,1
779,1,B,1,0.994695,1,0.994694,1,0.995095,1,1,1
780,1,B,2,0.649375,2,0.649126,2,0.732727,0,0,0
781,0,A,0,0.969995,0,0.970005,0,0.966869,1,1,1
782,3,D,3,0.999810,3,0.999810,3,0.999805,1,1,1
783,4,E,4,0.999506,4,0.999506,4,0.999321,1,1,1
784,2,C,2,0.997333,2,0.997334,2,0.997279,1,1,1
785,0,A,0,1.000000,0,1.000000,0,1.000000,1,1,1
786,0,A,0,1.000000,0,1.000000,0,1.000000,1,1,1
787,4,E,4,0.998913,4,0.998912,4,0.999170,1,1,1
788,0,A,0,0.712143,0,0.712288,0,0.663689,1,1,1
789,1,B,1,0.997987,1,0.997987,1,0.998232,1,1,1
790,2,C,2,0.994461,2,0.994464,2,0.993988,1,1,1
791,1,B,1,0.996286,1,0.996287,1,0.996331,1,1,1
792,0,A,0,0.999999,0,0.999999,0,0.999999,1,1,1
793,3,D,3,0.999875,3,0.999875,3,0.999872,1,1,1
794,4,E,4,0.999980,4,0.999980,4,0.999982,1,1,1
795,1,B,1,0.995861,1,0.995865,1,0.995675,1,1,1
796,0,A,0,1.000000,0,1.000000,0,1.000000,1,1,1
797,2,C,2,0.989567,2,0.989573,2,0.989223,1,1,1
798,4,E,4,0.999975,4,0.999975,4,0.999979,1,1,1
799,3,D,3,0.999395,3,0.999395,3,0.999389,1,1,1
800,1,B,1,0.997297,1,0.997296,1,0.997600,1,1,1
801,3,D,3,0.999905,3,0.999905,3,0.999905,1,1,1
802,4,E,4,0.999082,4,0.999082,4,0.999042,1,1,1
803,1,B,1,0.995468,1,0.995467,1,0.995994,1,1,1
804,0,A,0,0.576179,0,0.576380,0,0.515100,1,1,1
805,1,B,1,0.997374,1,0.997375,1,0.997251,1,1,1
806,0,A,0,0.932463,0,0.932532,0,0.932267,1,1,1
807,1,B,1,0.992831,1,0.992836,1,0.992141,1,1,1
808,3,D,3,0.999799,3,0.999799,3,0.999796,1,1,1
809,2,C,2,0.996844,2,0.996846,2,0.996897,1,1,1
810,2,C,2,0.999525,2,0.999525,2,0.999546,1,1,1
811,2,C,2,0.992051,2,0.992046,2,0.993421,1,1,1
812,4,E,4,0.997141,4,0.997145,4,0.996872,1,1,1
813,1,B,1,0.507429,1,0.507404,1,0.506554,1,1,1
814,0,A,0,1.000000,0,1.000000,0,1.000000,1,1,1
815,1,B,1,0.994455,1,0.994459,1,0.993736,1,1,1
816,2,C,1,0.458605,1,0.458652,1,0.445104,0,0,0
817,4,E,4,0.963315,4,0.963296,4,0.966145,1,1,1
818,2,C,2,0.998203,2,0.998205,2,0.998043,1,1,1
819,0,A,1,0.454055,1,0.454119,2,0.410850,0,0,0
820,0,A,0,0.541771,0,0.542141,2,0.520013,1,1,0
821,3,D,3,0.998913,3,0.998914,3,0.998539,1,1,1
822,4,E,4,0.999301,4,0.999301,4,0.999386,1,1,1
823,3,D,3,0.997799,3,0.997801,3,0.997011,1,1,1
824,0,A,0,1.000000,0,1.000000,0,1.000000,1,1,1
825,3,D,3,0.999875,3,0.999875,3,0.999873,1,1,1
826,2,C,2,0.995366,2,0.995370,2,0.994962,1,1,1
827,4,E,4,0.999489,4,0.999488,4,0.999542,1,1,1
828,1,B,1,0.998106,1,0.998105,1,0.998337,1,1,1
829,1,B,2,0.769543,2,0.769719,2,0.733901,0,0,0
830,4,E,4,0.979810,4,0.979805,4,0.975919,1,1,1
831,3,D,3,0.999764,3,0.999764,3,0.999748,1,1,1
832,4,E,4,0.995902,4,0.995898,4,0.996487,1,1,1
833,3,D,3,0.998886,3,0.998885,3,0.998884,1,1,1
834,0,A,0,0.476265,0,0.476529,0,0.393277,1,1,1
835,2,C,2,0.866552,2,0.866666,2,0.842864,1,1,1
836,2,C,2,0.995369,2,0.995373,2,0.994994,1,1,1
837,0,A,0,0.999992,0,0.999992,0,0.999992,1,1,1
838,0,A,0,1.000000,0,1.000000,0,1.000000,1,1,1
839,2,C,2,0.906974,2,0.907054,2,0.891949,1,1,1
840,2,C,2,0.995384,2,0.995386,2,0.995323,1,1,1
841,3,D,3,0.999891,3,0.999891,3,0.999888,1,1,1
842,0,A,0,1.000000,0,1.000000,0,1.000000,1,1,1
843,4,E,0,0.999647,0,0.999647,0,0.999708,0,0,0
844,2,C,2,0.997515,2,0.997516,2,0.997577,1,1,1
845,4,E,4,0.998459,4,0.998457,4,0.998731,1,1,1
846,0,A,0,0.652257,0,0.652672,2,0.504230,1,1,0
847,2,C,2,0.997660,2,0.997662,2,0.997654,1,1,1
848,1,B,1,0.532547,1,0.532649,1,0.520853,1,1,1
849,1,B,1,0.994297,1,0.994299,1,0.994113,1,1,1
850,4,E,4,0.998148,4,0.998145,4,0.998538,1,1,1
851,2,C,2,0.997221,2,0.997223,2,0.997196,1,1,1
852,4,E,4,0.999816,4,0.999816,4,0.999734,1,1,1
853,4,E,4,1.000000,4,1.000000,4,1.000000,1,1,1
854,4,E,4,0.999861,4,0.999860,4,0.999900,1,1,1
855,0,A,0,0.846153,0,0.846197,0,0.834107,1,1,1
856,0,A,0,0.710909,0,0.711103,0,0.639139,1,1,1
857,0,A,2,0.905003,2,0.904871,2,0.947790,0,0,0
858,0,A,0,1.000000,0,1.000000,0,1.000000,1,1,1
859,2,C,2,0.997408,2,0.997410,2,0.997365,1,1,1
860,3,D,3,0.998903,3,0.998904,3,0.998778,1,1,1
861,1,B,1,0.998531,1,0.998530,1,0.998710,1,1,1
862,3,D,3,0.999076,3,0.999076,3,0.999079,1,1,1
863,3,D,3,0.999847,3,0.999847,3,0.999843,1,1,1
864,1,B,1,0.995630,1,0.995630,1,0.995994,1,1,1
865,4,E,4,0.999983,4,0.999983,4,0.999985,1,1,1
866,0,A,0,1.000000,0,1.000000,0,1.000000,1,1,1
867,3,D,3,0.999774,3,0.999774,3,0.999769,1,1,1
868,3,D,3,0.865240,3,0.864949,3,0.921967,1,1,1
869,0,A,1,0.797358,1,0.797290,1,0.818929,0,0,0
870,2,C,2,0.997481,2,0.997483,2,0.997462,1,1,1
871,0,A,0,0.848475,0,0.848573,0,0.812723,1,1,1
872,3,D,3,0.999870,3,0.999870,3,0.999863,1,1,1
873,2,C,2,0.999397,2,0.999397,2,0.999428,1,1,1
874,0,A,0,0.999204,0,0.999205,0,0.999172,1,1,1
875,3,D,3,0.999502,3,0.999502,3,0.999514,1,1,1
876,2,C,2,0.995718,2,0.995722,2,0.995420,1,1,1
877,3,D,3,0.999843,3,0.999843,3,0.999837,1,1,1
878,3,D,3,0.999555,3,0.999555,3,0.999556,1,1,1
879,3,D,3,0.999635,3,0.999635,3,0.999634,1,1,1
880,2,C,2,0.986956,2,0.986949,2,0.982482,1,1,1
881,1,B,1,0.982733,1,0.982743,1,0.981554,1,1,1
882,1,B,1,0.998352,1,0.998352,1,0.998474,1,1,1
883,4,E,4,0.989671,4,0.989668,4,0.988375,1,1,1
884,1,B,1,0.980536,1,0.980551,1,0.977546,1,1,1
885,0,A,2,0.399123,2,0.398783,2,0.537580,0,0,0
886,4,E,4,0.995953,4,0.995948,4,0.996617,1,1,1
887,3,D,3,0.999862,3,0.999862,3,0.999860,1,1,1
888,2,C,2,0.997182,2,0.997184,2,0.997131,1,1,1
889,2,C,2,0.985678,2,0.985685,2,0.985005,1,1,1
890,0,A,0,0.745619,0,0.745851,0,0.654412,1,1,1
891,3,D,3,0.999218,3,0.999218,3,0.999218,1,1,1
892,1,B,1,0.539088,1,0.539115,1,0.526744,1,1,1
893,4,E,4,0.998495,4,0.998494,4,0.998637,1,1,1
894,4,E,4,1.000000,4,1.000000,4,1.000000,1,1,1
895,3,D,3,0.999891,3,0.999891,3,0.999884,1,1,1
896,3,D,3,0.999841,3,0.999841,3,0.999837,1,1,1
897,2,C,2,0.995653,2,0.995651,2,0.996420,1,1,1
898,1,B,2,0.593211,2,0.592980,2,0.674313,0,0,0
899,2,C,2,0.996380,2,0.996383,2,0.996334,1,1,1
900,2,C,2,0.997001,2,0.997003,2,0.996960,1,1,1
901,1,B,1,0.991332,1,0.991330,1,0.992187,1,1,1
902,2,C,3,0.507006,3,0.506659,3,0.570726,0,0,0
903,1,B,1,0.982493,1,0.982505,1,0.980574,1,1,1
904,2,C,2,0.992344,2,0.992351,2,0.991271,1,1,1
905,2,C,2,0.910156,2,0.910240,2,0.893473,1,1,1
906,1,B,1,0.997006,1,0.997005,1,0.997075,1,1,1
907,4,E,0,0.600947,0,0.601181,0,0.554770,0,0,0
908,0,A,0,1.000000,0,1.000000,0,1.000000,1,1,1
909,4,E,4,0.999998,4,0.999998,4,0.999997,1,1,1
910,4,E,4,0.971984,4,0.971966,4,0.972391,1,1,1
911,1,B,1,0.997600,1,0.997599,1,0.997908,1,1,1
912,3,D,3,0.999822,3,0.999822,3,0.999818,1,1,1
913,3,D,3,0.999884,3,0.999884,3,0.999881,1,1,1
914,1,B,1,0.995577,1,0.995576,1,0.996080,1,1,1
915,2,C,2,0.997053,2,0.997054,2,0.997112,1,1,1
916,2,C,2,0.990534,2,0.990539,2,0.990166,1,1,1
917,4,E,4,0.696207,4,0.696421,4,0.677792,1,1,1
918,3,D,3,0.999886,3,0.999886,3,0.999883,1,1,1
919,0,A,0,0.637164,0,0.637189,0,0.624064,1,1,1
920,0,A,0,0.649511,0,0.649688,0,0.590360,1,1,1
921,1,B,2,0.849762,2,0.849592,2,0.912416,0,0,0
922,3,D,3,0.999883,3,0.999883,3,0.999881,1,1,1
923,1,B,1,0.440878,1,0.440888,1,0.439196,1,1,1
924,4,E,4,0.999068,4,0.999067,4,0.999202,1,1,1
925,0,A,1,0.608042,1,0.608020,1,0.597997,0,0,0
926,0,A,0,0.737556,0,0.737828,0,0.629654,1,1,1
927,2,C,2,0.997325,2,0.997327,2,0.997303,1,1,1
928,3,D,3,0.591673,3,0.591703,3,0.579774,1,1,1
929,4,E,4,0.999995,4,0.999995,4,0.999995,1,1,1
930,0,A,0,0.999988,0,0.999988,0,0.999986,1,1,1
931,0,A,0,0.972945,0,0.972944,0,0.971699,1,1,1
932,0,A,2,0.761347,2,0.761090,2,0.843796,0,0,0
933,4,E,4,0.902233,4,0.902109,4,0.920092,1,1,1
934,0,A,0,1.000000,0,1.000000,0,1.000000,1,1,1
935,1,B,2,0.883507,2,0.883398,2,0.886785,0,0,0
936,0,A,2,0.835619,2,0.835507,2,0.815824,0,0,0
937,1,B,1,0.998067,1,0.998067,1,0.998304,1,1,1
938,2,C,2,0.997030,2,0.997031,2,0.996911,1,1,1
939,3,D,3,0.999880,3,0.999880,3,0.999878,1,1,1
940,3,D,3,0.999867,3,0.999866,3,0.999864,1,1,1
941,4,E,4,0.998459,4,0.998456,4,0.998487,1,1,1
942,4,E,4,0.998394,4,0.998394,4,0.998578,1,1,1
943,4,E,0,0.768717,0,0.768800,0,0.755156,0,0,0
944,1,B,1,0.992702,1,0.992700,1,0.993324,1,1,1
945,3,D,3,0.999851,3,0.999851,3,0.999856,1,1,1
946,1,B,2,0.454565,2,0.454217,2,0.581213,0,0,0
947,1,B,1,0.995123,1,0.995122,1,0.995540,1,1,1
948,3,D,3,0.999900,3,0.999900,3,0.999897,1,1,1
949,4,E,4,0.999747,4,0.999747,4,0.999771,1,1,1
950,1,B,1,0.989257,1,0.989255,1,0.990480,1,1,1
951,1,B,1,0.728277,1,0.728812,1,0.579474,1,1,1
952,4,E,4,0.999621,4,0.999622,4,0.999485,1,1,1
953,1,B,1,0.483856,1,0.483779,1,0.509971,1,1,1
954,0,A,0,1.000000,0,1.000000,0,1.000000,1,1,1
955,1,B,1,0.998715,1,0.998715,1,0.998911,1,1,1
956,4,E,4,0.999161,4,0.999160,4,0.999225,1,1,1
957,0,A,2,0.918458,2,0.918364,2,0.951343,0,0,0
958,0,A,0,0.516368,0,0.516551,1,0.469887,1,1,0
959,4,E,4,0.999676,4,0.999676,4,0.999646,1,1,1
960,1,B,1,0.977680,1,0.977678,1,0.979021,1,1,1
961,1,B,2,0.956606,2,0.956633,2,0.954403,0,0,0
962,1,B,1,0.853666,1,0.853716,1,0.840807,1,1,1
963,4,E,4,0.996789,4,0.996786,4,0.997036,1,1,1
964,3,D,3,0.999694,3,0.999694,3,0.999725,1,1,1
965,3,D,3,0.999851,3,0.999851,3,0.999842,1,1,1
966,4,E,4,0.997745,4,0.997745,4,0.997943,1,1,1
967,4,E,4,0.999680,4,0.999680,4,0.999723,1,1,1
968,0,A,0,1.000000,0,1.000000,0,1.000000,1,1,1
969,3,D,3,0.999620,3,0.999620,3,0.999618,1,1,1
970,3,D,3,0.998524,3,0.998524,3,0.998513,1,1,1
971,0,A,2,0.825496,2,0.825317,2,0.887840,0,0,0
972,1,B,1,0.998277,1,0.998276,1,0.998497,1,1,1
973,2,C,2,0.851925,2,0.852057,2,0.823469,1,1,1
974,4,E,4,0.999989,4,0.999989,4,0.999987,1,1,1
975,3,D,3,0.995679,3,0.995680,3,0.995762,1,1,1
976,4,E,4,0.995030,4,0.995026,4,0.995884,1,1,1
977,1,B,1,0.989600,1,0.989598,1,0.990791,1,1,1
978,1,B,1,0.997103,1,0.997104,1,0.997029,1,1,1
979,1,B,1,0.970868,1,0.970876,1,0.970107,1,1,1
980,0,A,0,0.999903,0,0.999903,0,0.999924,1,1,1
981,3,D,3,0.999762,3,0.999762,3,0.999753,1,1,1
982,3,D,3,0.999877,3,0.999877,3,0.999874,1,1,1
983,3,D,3,0.999960,3,0.999960,3,0.999958,1,1,1
984,3,D,3,0.999813,3,0.999813,3,0.999808,1,1,1
985,3,D,3,0.999898,3,0.999898,3,0.999896,1,1,1
986,3,D,3,0.999830,3,0.999830,3,0.999823,1,1,1
987,4,E,4,0.996839,4,0.996838,4,0.997076,1,1,1
988,1,B,1,0.991809,1,0.991807,1,0.992059,1,1,1
989,2,C,2,0.507255,2,0.507594,2,0.436888,1,1,1
990,0,A,0,0.384620,0,0.384895,2,0.386516,1,1,0
991,3,D,3,0.999907,3,0.999907,3,0.999903,1,1,1
992,0,A,1,0.667622,1,0.667479,1,0.704528,0,0,0
993,4,E,4,0.964868,4,0.964832,4,0.970675,1,1,1
994,3,D,3,0.999434,3,0.999434,3,0.999371,1,1,1
995,1,B,1,0.565371,1,0.565420,1,0.557984,1,1,1
996,3,D,3,0.999923,3,0.999923,3,0.999931,1,1,1
997,0,A,0,1.000000,0,1.000000,0,1.000000,1,1,1
998,3,D,3,0.999720,3,0.999720,3,0.999713,1,1,1
999,2,C,2,0.995795,2,0.995798,2,0.995440,1,1,1
1000,2,C,2,0.998132,2,0.998134,2,0.997974,1,1,1
1001,0,A,0,1.000000,0,1.000000,0,1.000000,1,1,1
1002,0,A,0,0.604784,0,0.605020,0,0.526927,1,1,1
1003,0,A,2,0.650850,2,0.650609,2,0.713647,0,0,0
1004,0,A,0,0.599273,0,0.599648,2,0.520463,1,1,0
1005,2,C,2,0.996915,2,0.996917,2,0.996905,1,1,1
1006,4,E,4,0.999999,4,0.999999,4,0.999999,1,1,1
1007,0,A,2,0.631906,2,0.631578,2,0.744720,0,0,0
1008,4,E,4,0.999988,4,0.999988,4,0.999990,1,1,1
1009,4,E,4,0.999928,4,0.999928,4,0.999934,1,1,1
1010,2,C,2,0.575214,2,0.575525,2,0.509168,1,1,1
1011,3,D,3,0.999979,3,0.999979,3,0.999981,1,1,1
1012,0,A,0,1.000000,0,1.000000,0,1.000000,1,1,1
1013,2,C,2,0.996157,2,0.996160,2,0.995942,1,1,1
1014,2,C,2,0.994733,2,0.994738,2,0.994217,1,1,1
1015,2,C,2,0.997567,2,0.997569,2,0.997551,1,1,1
1016,1,B,1,0.996404,1,0.996404,1,0.996835,1,1,1
1017,3,D,3,0.999882,3,0.999882,3,0.999879,1,1,1
1018,0,A,0,1.000000,0,1.000000,0,1.000000,1,1,1
1019,3,D,3,0.982643,3,0.982645,3,0.983349,1,1,1
1020,0,A,0,1.000000,0,1.000000,0,1.000000,1,1,1
1021,1,B,1,0.997441,1,0.997440,1,0.997749,1,1,1
1022,0,A,2,0.793493,2,0.793563,2,0.781138,0,0,0
1023,0,A,0,1.000000,0,1.000000,0,1.000000,1,1,1
1024,4,E,4,0.892414,4,0.892386,4,0.906196,1,1,1
1025,4,E,4,0.999997,4,0.999997,4,0.999996,1,1,1
1026,4,E,0,0.502475,0,0.502329,0,0.527137,0,0,0
1027,4,E,4,0.996069,4,0.996065,4,0.996810,1,1,1
1028,3,D,3,0.999947,3,0.999947,3,0.999945,1,1,1
1029,4,E,4,0.998720,4,0.998717,4,0.999102,1,1,1
1030,1,B,1,0.995356,1,0.995357,1,0.995319,1,1,1
1031,4,E,4,0.999934,4,0.999934,4,0.999927,1,1,1
1032,3,D,3,0.999262,3,0.999263,3,0.999255,1,1,1
1033,2,C,2,0.994495,2,0.994498,2,0.994362,1,1,1
1034,0,A,0,1.000000,0,1.000000,0,1.000000,1,1,1
1035,0,A,0,1.000000,0,1.000000,0,1.000000,1,1,1
1036,0,A,0,1.000000,0,1.000000,0,1.000000,1,1,1
1037,2,C,2,0.997691,2,0.997693,2,0.997688,1,1,1
1038,0,A,2,0.524647,2,0.524337,2,0.643670,0,0,0
1039,0,A,0,0.865466,0,0.865540,0,0.838734,1,1,1
1040,4,E,4,0.825675,4,0.825574,4,0.829280,1,1,1
1041,2,C,2,0.992173,2,0.992179,2,0.991841,1,1,1
1042,3,D,3,0.999839,3,0.999839,3,0.999835,1,1,1
1043,3,D,3,0.999644,3,0.999644,3,0.999640,1,1,1
1044,1,B,1,0.991757,1,0.991766,1,0.989911,1,1,1
1045,4,E,4,0.934773,4,0.934768,4,0.933352,1,1,1
1046,0,A,0,1.000000,0,1.000000,0,1.000000,1,1,1
1047,4,E,4,0.956275,4,0.956196,4,0.967157,1,1,1
1048,3,D,3,0.999891,3,0.999891,3,0.999889,1,1,1
1049,3,D,1,0.992362,1,0.992367,1,0.993017,0,0,0
1050,2,C,2,0.968939,2,0.968955,2,0.968304,1,1,1
1051,2,C,2,0.995858,2,0.995860,2,0.995930,1,1,1
1052,2,C,2,0.997164,2,0.997166,2,0.997141,1,1,1
1053,0,A,2,0.624738,2,0.624385,2,0.746476,0,0,0
1054,3,D,3,0.999568,3,0.999568,3,0.999564,1,1,1
1055,1,B,1,0.994808,1,0.994807,1,0.995278,1,1,1
1056,4,E,4,0.999852,4,0.999852,4,0.999858,1,1,1
1057,1,B,1,0.995887,1,0.995886,1,0.996192,1,1,1
1058,1,B,1,0.993777,1,0.993779,1,0.993505,1,1,1
1059,4,E,4,0.999691,4,0.999691,4,0.999775,1,1,1
1060,3,D,3,0.999887,3,0.999887,3,0.999885,1,1,1
1061,4,E,4,0.999995,4,0.999995,4,0.999996,1,1,1
1062,4,E,4,0.996806,4,0.996805,4,0.996506,1,1,1
1063,1,B,1,0.997985,1,0.997985,1,0.998044,1,1,1
1064,0,A,0,1.000000,0,1.000000,0,1.000000,1,1,1
1065,1,B,0,0.530106,0,0.530334,0,0.449989,0,0,0
1066,3,D,3,0.999867,3,0.999867,3,0.999865,1,1,1
1067,1,B,1,0.995498,1,0.995499,1,0.995579,1,1,1
1068,2,C,2,0.991106,2,0.991112,2,0.990479,1,1,1
1069,2,C,2,0.994344,2,0.994348,2,0.994198,1,1,1
1070,2,C,2,0.865703,2,0.865826,2,0.839100,1,1,1
1071,0,A,0,0.999945,0,0.999944,0,0.999958,1,1,1
1072,3,D,3,0.999586,3,0.999587,3,0.999546,1,1,1
1073,3,D,3,0.999891,3,0.999891,3,0.999888,1,1,1
1074,3,D,3,0.999533,3,0.999533,3,0.999536,1,1,1
1075,2,C,2,0.997174,2,0.997176,2,0.997116,1,1,1
1076,4,E,4,0.875158,4,0.875072,4,0.888715,1,1,1
1077,0,A,0,1.000000,0,1.000000,0,1.000000,1,1,1
1078,4,E,4,0.992877,4,0.992871,4,0.993709,1,1,1
1079,1,B,1,0.998892,1,0.998892,1,0.998971,1,1,1
1080,2,C,2,0.515186,2,0.515473,2,0.452660,1,1,1
1081,1,B,1,0.991508,1,0.991507,1,0.992436,1,1,1
1082,1,B,1,0.995476,1,0.995475,1,0.995862,1,1,1
1083,1,B,1,0.989020,1,0.989030,1,0.987179,1,1,1
1084,3,D,3,0.999885,3,0.999885,3,0.999882,1,1,1
1085,1,B,2,0.544593,2,0.544332,2,0.640274,0,0,0
1086,3,D,3,0.999932,3,0.999932,3,0.999939,1,1,1
1087,4,E,4,0.999098,4,0.999097,4,0.999159,1,1,1
1088,4,E,4,0.999543,4,0.999543,4,0.999602,1,1,1
1089,3,D,2,0.799659,2,0.799809,2,0.769643,0,0,0
1090,2,C,2,0.994825,2,0.994828,2,0.994740,1,1,1
1091,3,D,3,0.998320,3,0.998320,3,0.998292,1,1,1
1092,4,E,4,0.982626,4,0.982655,4,0.977925,1,1,1
1093,3,D,3,0.999856,3,0.999856,3,0.999853,1,1,1
1094,1,B,1,0.994916,1,0.994915,1,0.995355,1,1,1
1095,1,B,1,0.992014,1,0.992013,1,0.992927,1,1,1
1096,3,D,3,0.999288,3,0.999288,3,0.999274,1,1,1
1097,0,A,0,0.571694,0,0.571971,0,0.465901,1,1,1
1098,0,A,0,1.000000,0,1.000000,0,1.000000,1,1,1
1099,2,C,2,0.995536,2,0.995539,2,0.995395,1,1,1
1100,0,A,0,1.000000,0,1.000000,0,1.000000,1,1,1
1101,3,D,3,0.999895,3,0.999895,3,0.999892,1,1,1
1102,0,A,0,1.000000,0,1.000000,0,1.000000,1,1,1
1103,0,A,0,1.000000,0,1.000000,0,1.000000,1,1,1
1104,2,C,2,0.531805,2,0.532110,2,0.466487,1,1,1
1105,2,C,2,0.998928,2,0.998928,2,0.998902,1,1,1
1106,1,B,1,0.998399,1,0.998399,1,0.998590,1,1,1
1107,1,B,1,0.842438,1,0.842614,1,0.846382,1,1,1
1108,2,C,2,0.997574,2,0.997575,2,0.997560,1,1,1
1109,4,E,4,0.999996,4,0.999996,4,0.999996,1,1,1
1110,4,E,4,0.999501,4,0.999501,4,0.999449,1,1,1
1111,4,E,2,0.941746,2,0.941796,2,0.934706,0,0,0
1112,4,E,4,0.994913,4,0.994908,4,0.995428,1,1,1
1113,0,A,0,1.000000,0,1.000000,0,1.000000,1,1,1
1114,3,D,3,0.999828,3,0.999828,3,0.999817,1,1,1
1115,0,A,0,0.999984,0,0.999984,0,0.999984,1,1,1
1116,4,E,4,0.969146,4,0.969146,4,0.961558,1,1,1
1117,1,B,0,0.419400,0,0.419515,1,0.403074,0,0,1
1118,4,E,4,0.999749,4,0.999749,4,0.999759,1,1,1
1119,3,D,3,0.999871,3,0.999871,3,0.999868,1,1,1
1120,4,E,4,0.999915,4,0.999915,4,0.999919,1,1,1
1121,3,D,3,0.999881,3,0.999881,3,0.999878,1,1,1
1122,4,E,4,0.979622,4,0.979596,4,0.981738,1,1,1
1123,2,C,2,0.997398,2,0.997400,2,0.997357,1,1,1
1124,1,B,1,0.994582,1,0.994584,1,0.994256,1,1,1
1125,3,D,3,0.972746,3,0.972757,3,0.971283,1,1,1
1126,4,E,4,0.995553,4,0.995561,4,0.994516,1,1,1
1127,0,A,0,1.000000,0,1.000000,0,1.000000,1,1,1
1128,4,E,4,0.972531,4,0.972498,4,0.978582,1,1,1
1129,0,A,0,0.884599,0,0.884705,0,0.842852,1,1,1
1130,3,D,3,0.999868,3,0.999868,3,0.999865,1,1,1
1131,4,E,4,0.999974,4,0.999974,4,0.999963,1,1,1
1132,3,D,3,0.999630,3,0.999630,3,0.999604,1,1,1
1133,1,B,1,0.993339,1,0.993343,1,0.992779,1,1,1
1134,1,B,1,0.989408,1,0.989416,1,0.988073,1,1,1
1135,0,A,0,1.000000,0,1.000000,0,1.000000,1,1,1
1136,0,A,0,0.586646,0,0.586924,0,0.493037,1,1,1
1137,0,A,0,0.999951,0,0.999951,0,0.999962,1,1,1
1138,3,D,3,0.999886,3,0.999887,3,0.999884,1,1,1
1139,3,D,3,0.999556,3,0.999556,3,0.999551,1,1,1
1140,3,D,3,0.951113,3,0.950987,3,0.970306,1,1,1
1141,0,A,0,1.000000,0,1.000000,0,1.000000,1,1,1
1142,2,C,2,0.994949,2,0.994954,2,0.994587,1,1,1
1143,0,A,2,0.949108,2,0.949033,2,0.971176,0,0,0
1144,1,B,1,0.802976,1,0.802873,1,0.813095,1,1,1
1145,1,B,1,0.990383,1,0.990381,1,0.990668,1,1,1
1146,1,B,0,0.530186,0,0.530437,0,0.449309,0,0,0
1147,0,A,0,0.597116,0,0.597344,0,0.518317,1,1,1
1148,2,C,2,0.990086,2,0.990072,2,0.994672,1,1,1
1149,2,C,2,0.998673,2,0.998674,2,0.998574,1,1,1
1150,4,E,4,0.999958,4,0.999958,4,0.999931,1,1,1
1151,4,E,4,0.974831,4,0.974791,4,0.979965,1,1,1
1152,0,A,0,0.680787,0,0.681042,0,0.586046,1,1,1
1153,0,A,1,0.367589,1,0.367716,1,0.331734,0,0,0
1154,3,D,3,0.997785,3,0.997784,3,0.998110,1,1,1
1155,4,E,2,0.851050,2,0.851171,2,0.829375,0,0,0
1156,1,B,1,0.997937,1,0.997938,1,0.997924,1,1,1
1157,4,E,4,0.999263,4,0.999262,4,0.999340,1,1,1
1158,1,B,1,0.999035,1,0.999034,1,0.999158,1,1,1
1159,3,D,3,0.998859,3,0.998859,3,0.998831,1,1,1
1160,4,E,4,0.998662,4,0.998660,4,0.998919,1,1,1
1161,4,E,4,0.998455,4,0.998452,4,0.998803,1,1,1
1162,3,D,3,0.999345,3,0.999345,3,0.999344,1,1,1
1163,1,B,1,0.995250,1,0.995254,1,0.995208,1,1,1
1164,2,C,2,0.368807,2,0.369005,2,0.333687,1,1,1
1165,4,E,4,0.986794,4,0.986786,4,0.987464,1,1,1
1166,0,A,0,1.000000,0,1.000000,0,1.000000,1,1,1
1167,2,C,2,0.997727,2,0.997728,2,0.997805,1,1,1
1168,3,D,3,0.999778,3,0.999778,3,0.999771,1,1,1
1169,4,E,4,0.997641,4,0.997639,4,0.998111,1,1,1
1170,4,E,4,0.999932,4,0.999932,4,0.999951,1,1,1
1171,3,D,3,0.999735,3,0.999735,3,0.999729,1,1,1
1172,2,C,2,0.606939,2,0.607230,2,0.544042,1,1,1
1173,1,B,1,0.997914,1,0.997914,1,0.998165,1,1,1
1174,1,B,1,0.791780,1,0.791783,1,0.794899,1,1,1
1175,1,B,1,0.997901,1,0.997901,1,0.997987,1,1,1
1176,0,A,2,0.822397,2,0.822214,2,0.876848,0,0,0
1177,1,B,1,0.994810,1,0.994809,1,0.995222,1,1,1
1178,3,D,3,0.822795,3,0.822451,3,0.889952,1,1,1
1179,4,E,4,0.999370,4,0.999369,4,0.999326,1,1,1
1180,4,E,4,0.998198,4,0.998197,4,0.998453,1,1,1
1181,1,B,1,0.962071,1,0.962075,1,0.964420,1,1,1
1182,0,A,0,0.999478,0,0.999478,0,0.999455,1,1,1
1183,0,A,0,1.000000,0,1.000000,0,1.000000,1,1,1
1184,1,B,1,0.996636,1,0.996635,1,0.997036,1,1,1
1185,1,B,1,0.991629,1,0.991632,1,0.991342,1,1,1
1186,3,D,3,0.996079,3,0.996075,3,0.996909,1,1,1
1187,4,E,4,0.968514,4,0.968511,4,0.971045,1,1,1
1188,3,D,3,0.999442,3,0.999442,3,0.999435,1,1,1
1189,1,B,1,0.996846,1,0.996848,1,0.996687,1,1,1
1190,1,B,1,0.940413,1,0.940468,1,0.927847,1,1,1
1191,4,E,4,0.934484,4,0.934480,4,0.922068,1,1,1
1192,0,A,0,0.475746,0,0.476062,2,0.440757,1,1,0
1193,3,D,3,0.999393,3,0.999393,3,0.999427,1,1,1
1194,1,B,1,0.966967,1,0.966959,1,0.964461,1,1,1
1195,4,E,4,0.998497,4,0.998495,4,0.998615,1,1,1
1196,2,C,2,0.851759,2,0.851702,2,0.877096,1,1,1
1197,4,E,4,0.999861,4,0.999861,4,0.999879,1,1,1
1198,3,D,3,0.999590,3,0.999590,3,0.999587,1,1,1
1199,2,C,2,0.994016,2,0.994019,2,0.993807,1,1,1
1200,3,D,3,0.999509,3,0.999509,3,0.999439,1,1,1
1201,1,B,1,0.442366,1,0.442556,2,0.432588,1,1,0
1202,0,A,0,0.971907,0,0.971906,0,0.969950,1,1,1
1203,3,D,3,0.999836,3,0.999836,3,0.999832,1,1,1
1204,1,B,1,0.994662,1,0.994667,1,0.993690,1,1,1
1205,0,A,0,0.836861,0,0.836959,0,0.799312,1,1,1
1206,4,E,4,0.999375,4,0.999374,4,0.999407,1,1,1
1207,0,A,2,0.619531,2,0.619256,2,0.727677,0,0,0
1208,3,D,3,0.999877,3,0.999877,3,0.999874,1,1,1
1209,0,A,0,0.915794,0,0.915780,0,0.912959,1,1,1
1210,0,A,0,1.000000,0,1.000000,0,1.000000,1,1,1
1211,3,D,3,0.999957,3,0.999957,3,0.999960,1,1,1
1212,4,E,4,0.999976,4,0.999975,4,0.999977,1,1,1
1213,4,E,4,0.999159,4,0.999159,4,0.999245,1,1,1
1214,3,D,3,0.999703,3,0.999703,3,0.999701,1,1,1
1215,0,A,1,0.753512,1,0.753594,1,0.710186,0,0,0
1216,2,C,2,0.994614,2,0.994618,2,0.994614,1,1,1
1217,4,E,4,0.995669,4,0.995665,4,0.996168,1,1,1
1218,1,B,1,0.992664,1,0.992663,1,0.993417,1,1,1
1219,3,D,3,0.999903,3,0.999903,3,0.999900,1,1,1
1220,3,D,3,0.999557,3,0.999557,3,0.999551,1,1,1
1221,1,B,0,0.758418,0,0.758547,0,0.715413,0,0,0
1222,2,C,2,0.997435,2,0.997437,2,0.997504,1,1,1
1223,2,C,2,0.996995,2,0.996997,2,0.996963,1,1,1
1224,1,B,1,0.988745,1,0.988748,1,0.988498,1,1,1
1225,3,D,1,0.738237,1,0.738225,1,0.743212,0,0,0
1226,1,B,1,0.638538,1,0.638544,1,0.641541,1,1,1
1227,0,A,0,1.000000,0,1.000000,0,1.000000,1,1,1
1228,1,B,1,0.985096,1,0.985113,1,0.981189,1,1,1
1229,3,D,3,0.999875,3,0.999876,3,0.999873,1,1,1
1230,3,D,3,0.989021,3,0.989029,3,0.985923,1,1,1
1231,3,D,3,0.999799,3,0.999799,3,0.999792,1,1,1
1232,2,C,2,0.996409,2,0.996411,2,0.996359,1,1,1
1233,3,D,3,0.999817,3,0.999817,3,0.999824,1,1,1
1234,0,A,0,0.572683,0,0.572937,0,0.479262,1,1,1
1235,1,B,1,0.990782,1,0.990789,1,0.989572,1,1,1
1236,4,E,4,0.600654,4,0.600635,4,0.586977,1,1,1
1237,3,D,3,0.999855,3,0.999855,3,0.999851,1,1,1
1238,3,D,3,0.999856,3,0.999856,3,0.999853,1,1,1
1239,1,B,1,0.989029,1,0.989037,1,0.987634,1,1,1
1240,1,B,1,0.988490,1,0.988488,1,0.989492,1,1,1
1241,2,C,2,0.899195,2,0.899291,2,0.878763,1,1,1
1242,1,B,1,0.999355,1,0.999355,1,0.999422,1,1,1
1243,3,D,3,0.997578,3,0.997579,3,0.997605,1,1,1
1244,3,D,3,0.999864,3,0.999864,3,0.999861,1,1,1
1245,1,B,1,0.996033,1,0.996034,1,0.995919,1,1,1
1246,0,A,2,0.780122,2,0.779905,2,0.851488,0,0,0
1247,2,C,2,0.988655,2,0.988662,2,0.988610,1,1,1
1248,1,B,1,0.998015,1,0.998015,1,0.998205,1,1,1
1249,4,E,4,0.990428,4,0.990424,4,0.990496,1,1,1
1250,2,C,2,0.995489,2,0.995492,2,0.995394,1,1,1
1251,2,C,2,0.995152,2,0.995157,2,0.994721,1,1,1
1252,3,D,3,0.999858,3,0.999858,3,0.999856,1,1,1
1253,3,D,3,0.999611,3,0.999611,3,0.999607,1,1,1
1254,0,A,2,0.568848,2,0.568461,2,0.706950,0,0,0
1255,0,A,0,1.000000,0,1.000000,0,1.000000,1,1,1
1256,3,D,3,0.999833,3,0.999833,3,0.999830,1,1,1
1257,1,B,1,0.997660,1,0.997660,1,0.997934,1,1,1
1258,0,A,0,0.889649,0,0.889721,0,0.863979,1,1,1
1259,1,B,1,0.681355,1,0.681476,1,0.663406,1,1,1
1260,3,D,3,0.999890,3,0.999890,3,0.999887,1,1,1
1261,0,A,3,0.977108,3,0.977071,3,0.985400,0,0,0
1262,2,C,2,0.997131,2,0.997133,2,0.997097,1,1,1
1263,4,E,4,0.794164,4,0.794288,4,0.725946,1,1,1
1264,1,B,1,0.996709,1,0.996709,1,0.996998,1,1,1
1265,1,B,1,0.995215,1,0.995214,1,0.995675,1,1,1
1266,1,B,1,0.993840,1,0.993846,1,0.993353,1,1,1
1267,2,C,2,0.522867,2,0.523170,2,0.456882,1,1,1
1268,2,C,2,0.995376,2,0.995378,2,0.995284,1,1,1
1269,0,A,0,1.000000,0,1.000000,0,1.000000,1,1,1
1270,1,B,1,0.992574,1,0.992578,1,0.991827,1,1,1
1271,3,D,3,0.999863,3,0.999863,3,0.999853,1,1,1
1272,3,D,3,0.999737,3,0.999737,3,0.999649,1,1,1
1273,3,D,3,0.999882,3,0.999882,3,0.999879,1,1,1
1274,1,B,1,0.998209,1,0.998208,1,0.998370,1,1,1
1275,1,B,2,0.578158,2,0.577829,2,0.707217,0,0,0
1276,4,E,4,0.949849,4,0.949809,4,0.955323,1,1,1
1277,1,B,1,0.993648,1,0.993647,1,0.994407,1,1,1
1278,3,D,3,0.999848,3,0.999848,3,0.999845,1,1,1
1279,4,E,4,0.999480,4,0.999479,4,0.999558,1,1,1
1280,3,D,3,0.999893,3,0.999893,3,0.999890,1,1,1
1281,1,B,1,0.994319,1,0.994324,1,0.993501,1,1,1
1282,0,A,0,0.696680,0,0.696905,0,0.616223,1,1,1
1283,3,D,3,0.999916,3,0.999916,3,0.999914,1,1,1
1284,2,C,2,0.989557,2,0.989566,2,0.987949,1,1,1
1285,2,C,2,0.996977,2,0.996978,2,0.996989,1,1,1
1286,3,D,3,0.999907,3,0.999907,3,0.999901,1,1,1
1287,0,A,0,0.444184,0,0.444435,0,0.368501,1,1,1
1288,0,A,0,0.820356,0,0.820416,0,0.806857,1,1,1
1289,0,A,2,0.990651,2,0.990638,2,0.994856,0,0,0
1290,1,B,1,0.998192,1,0.998191,1,0.998362,1,1,1
1291,0,A,0,0.999997,0,0.999997,0,0.999997,1,1,1
1292,1,B,1,0.996715,1,0.996716,1,0.996702,1,1,1
1293,2,C,2,0.967505,2,0.967533,2,0.962617,1,1,1
1294,1,B,1,0.984388,1,0.984399,1,0.981606,1,1,1
1295,0,A,0,0.555000,0,0.555173,2,0.501776,1,1,0
1296,1,B,1,0.995742,1,0.995742,1,0.996095,1,1,1
1297,2,C,2,0.997356,2,0.997358,2,0.997333,1,1,1
1298,1,B,1,0.969806,1,0.969829,1,0.964592,1,1,1
1299,3,D,3,0.999875,3,0.999875,3,0.999872,1,1,1
1300,0,A,2,0.620734,2,0.620385,2,0.734397,0,0,0
1301,1,B,1,0.995784,1,0.995783,1,0.996216,1,1,1
1302,2,C,2,0.931576,2,0.931636,2,0.920827,1,1,1
1303,0,A,2,0.936939,2,0.936869,2,0.951806,0,0,0
1304,3,D,3,0.997781,3,0.997783,3,0.996990,1,1,1
1305,3,D,3,0.999947,3,0.999947,3,0.999951,1,1,1
1306,1,B,1,0.974379,1,0.974398,1,0.970868,1,1,1
1307,0,A,0,0.728581,0,0.728742,0,0.672334,1,1,1
1308,0,A,0,0.804967,0,0.805093,0,0.758949,1,1,1
1309,1,B,3,0.567430,3,0.567294,3,0.593313,0,0,0
1310,2,C,2,0.992055,2,0.992061,2,0.991590,1,1,1
1311,2,C,2,0.996646,2,0.996648,2,0.996578,1,1,1
1312,1,B,1,0.996475,1,0.996474,1,0.996891,1,1,1
1313,3,D,3,0.999086,3,0.999087,3,0.999099,1,1,1
1314,2,C,2,0.988717,2,0.988725,2,0.987853,1,1,1
1315,4,E,4,0.989685,4,0.989676,4,0.991610,1,1,1
1316,3,D,3,0.999626,3,0.999626,3,0.999640,1,1,1
1317,1,B,1,0.999006,1,0.999006,1,0.999133,1,1,1
1318,3,D,3,0.999939,3,0.999939,3,0.999937,1,1,1
1319,3,D,3,0.999799,3,0.999800,3,0.999797,1,1,1
1320,0,A,0,1.000000,0,1.000000,0,1.000000,1,1,1
1321,3,D,3,0.999676,3,0.999676,3,0.999667,1,1,1
1322,3,D,3,0.999847,3,0.999847,3,0.999842,1,1,1
1323,0,A,0,1.000000,0,1.000000,0,1.000000,1,1,1
1324,1,B,1,0.991164,1,0.991162,1,0.992173,1,1,1
1325,1,B,1,0.998400,1,0.998402,1,0.997267,1,1,1
1326,0,A,0,1.000000,0,1.000000,0,1.000000,1,1,1
1327,3,D,3,0.999871,3,0.999871,3,0.999868,1,1,1
1328,1,B,1,0.973101,1,0.973112,1,0.971322,1,1,1
1329,0,A,0,1.000000,0,1.000000,0,1.000000,1,1,1
1330,1,B,1,0.998088,1,0.998087,1,0.998302,1,1,1
1331,4,E,4,1.000000,4,1.000000,4,1.000000,1,1,1
1332,4,E,4,0.993787,4,0.993784,4,0.994399,1,1,1
1333,1,B,2,0.455479,2,0.455724,1,0.459953,0,0,1
1334,4,E,4,0.936098,4,0.936086,4,0.928310,1,1,1
1335,1,B,1,0.996146,1,0.996147,1,0.996086,1,1,1
1336,2,C,2,0.996983,2,0.996981,2,0.997568,1,1,1
1337,3,D,3,0.999524,3,0.999524,3,0.999528,1,1,1
1338,4,E,4,0.999823,4,0.999823,4,0.999850,1,1,1
1339,3,D,1,0.812782,1,0.812809,1,0.809537,0,0,0
1340,4,E,4,0.999999,4,0.999999,4,0.999999,1,1,1
1341,3,D,3,0.986464,3,0.986440,3,0.990345,1,1,1
1342,2,C,2,0.997908,2,0.997910,2,0.997706,1,1,1
1343,4,E,4,0.999830,4,0.999830,4,0.999835,1,1,1
1344,3,D,3,0.999869,3,0.999869,3,0.999867,1,1,1
1345,1,B,1,0.997858,1,0.997858,1,0.997850,1,1,1
1346,0,A,0,1.000000,0,1.000000,0,1.000000,1,1,1
1347,1,B,1,0.998144,1,0.998144,1,0.998172,1,1,1
1348,0,A,2,0.586537,2,0.586178,2,0.715128,0,0,0
1349,3,D,3,0.999927,3,0.999927,3,0.999925,1,1,1
1350,4,E,4,0.999940,4,0.999940,4,0.999952,1,1,1
1351,3,D,3,0.999882,3,0.999882,3,0.999879,1,1,1
1352,4,E,4,0.999849,4,0.999849,4,0.999771,1,1,1
1353,3,D,3,0.999671,3,0.999671,3,0.999675,1,1,1
1354,2,C,2,0.991659,2,0.991665,2,0.991071,1,1,1
1355,2,C,2,0.962672,2,0.962705,2,0.957084,1,1,1
1356,4,E,4,0.999940,4,0.999941,4,0.999939,1,1,1
1357,4,E,4,0.999505,4,0.999505,4,0.999562,1,1,1
1358,2,C,2,0.994808,2,0.994811,2,0.994884,1,1,1
1359,0,A,0,1.000000,0,1.000000,0,1.000000,1,1,1
1360,4,E,4,0.960341,4,0.960315,4,0.960250,1,1,1
1361,3,D,3,0.999813,3,0.999812,3,0.999800,1,1,1
1362,4,E,4,0.989465,4,0.989456,4,0.990621,1,1,1
1363,3,D,3,0.999871,3,0.999871,3,0.999867,1,1,1
1364,2,C,2,0.961330,2,0.961364,2,0.954523,1,1,1
1365,0,A,2,0.706996,2,0.706739,2,0.801461,0,0,0
1366,4,E,4,0.999614,4,0.999614,4,0.999677,1,1,1
1367,4,E,4,0.999788,4,0.999788,4,0.999818,1,1,1
1368,2,C,2,0.996324,2,0.996326,2,0.996418,1,1,1
1369,4,E,3,0.518744,3,0.518991,3,0.519693,0,0,0
1370,0,A,0,0.604806,0,0.605096,0,0.502719,1,1,1
1371,3,D,3,0.999840,3,0.999840,3,0.999836,1,1,1
1372,2,C,2,0.994906,2,0.994911,2,0.994556,1,1,1
1373,3,D,3,0.999860,3,0.999860,3,0.999856,1,1,1
1374,2,C,2,0.997144,2,0.997146,2,0.997205,1,1,1
1375,3,D,3,0.999959,3,0.999959,3,0.999958,1,1,1
1376,1,B,1,0.998733,1,0.998733,1,0.998912,1,1,1
1377,1,B,1,0.975897,1,0.975917,1,0.971515,1,1,1
1378,2,C,2,0.989503,2,0.989511,2,0.988732,1,1,1
1379,0,A,0,0.999998,0,0.999998,0,0.999998,1,1,1
1380,4,E,3,0.504506,3,0.504764,3,0.510881,0,0,0
1381,0,A,0,1.000000,0,1.000000,0,1.000000,1,1,1
1382,4,E,4,0.999812,4,0.999812,4,0.999857,1,1,1
1383,0,A,0,0.808955,0,0.809059,0,0.772865,1,1,1
1384,0,A,0,1.000000,0,1.000000,0,1.000000,1,1,1
1385,0,A,0,1.000000,0,1.000000,0,1.000000,1,1,1
1386,4,E,4,0.856740,4,0.856642,4,0.879393,1,1,1
1387,1,B,2,0.451868,2,0.452159,2,0.391266,0,0,0
1388,3,D,3,0.999814,3,0.999814,3,0.999805,1,1,1
1389,0,A,2,0.635602,2,0.635302,2,0.750611,0,0,0
1390,1,B,1,0.997707,1,0.997706,1,0.997983,1,1,1
1391,2,C,2,0.998283,2,0.998285,2,0.998248,1,1,1
1392,1,B,1,0.997920,1,0.997920,1,0.998143,1,1,1
1393,0,A,0,0.477672,0,0.477973,2,0.387148,1,1,0
1394,4,E,4,0.966933,4,0.966912,4,0.959019,1,1,1
1395,4,E,4,0.995389,4,0.995391,4,0.995532,1,1,1
1396,3,D,3,0.999860,3,0.999860,3,0.999856,1,1,1
1397,4,E,4,0.999297,4,0.999297,4,0.999327,1,1,1
1398,2,C,2,0.996373,2,0.996375,2,0.996336,1,1,1
1399,2,C,2,0.997062,2,0.997064,2,0.997004,1,1,1
1400,1,B,1,0.999351,1,0.999351,1,0.999434,1,1,1
1401,4,E,4,0.999872,4,0.999872,4,0.999860,1,1,1
1402,4,E,4,0.989324,4,0.989317,4,0.989498,1,1,1
1403,4,E,4,0.340610,4,0.340628,0,0.354761,1,1,0
1404,3,D,3,0.930445,3,0.930289,3,0.963748,1,1,1
1405,3,D,3,0.999362,3,0.999362,3,0.999393,1,1,1
1406,1,B,1,0.994998,1,0.994997,1,0.995510,1,1,1
1407,3,D,3,0.999681,3,0.999681,3,0.999675,1,1,1
1408,4,E,4,0.769529,4,0.769480,4,0.733135,1,1,1
1409,0,A,0,1.000000,0,1.000000,0,1.000000,1,1,1
1410,0,A,0,0.815488,0,0.815630,0,0.760592,1,1,1
1411,0,A,2,0.880357,2,0.880219,2,0.926828,0,0,0
1412,4,E,4,0.996873,4,0.996871,4,0.997201,1,1,1
1413,4,E,1,0.833303,1,0.833387,1,0.813943,0,0,0
1414,2,C,2,0.990908,2,0.990912,2,0.991039,1,1,1
1415,2,C,2,0.995329,2,0.995334,2,0.995368,1,1,1
1416,3,D,3,0.999946,3,0.999946,3,0.999944,1,1,1
1417,0,A,0,1.000000,0,1.000000,0,1.000000,1,1,1
1418,3,D,3,0.999837,3,0.999837,3,0.999834,1,1,1
1419,4,E,4,1.000000,4,1.000000,4,1.000000,1,1,1
1420,3,D,3,0.999725,3,0.999725,3,0.999735,1,1,1
1421,4,E,4,0.986642,4,0.986631,4,0.985896,1,1,1
1422,1,B,2,0.668697,2,0.668927,2,0.619685,0,0,0
1423,4,E,4,0.997385,4,0.997375,4,0.998516,1,1,1
1424,0,A,0,1.000000,0,1.000000,0,1.000000,1,1,1
1425,1,B,1,0.998986,1,0.998987,1,0.998945,1,1,1
1426,2,C,2,0.989821,2,0.989815,2,0.991570,1,1,1
1427,0,A,0,0.774906,0,0.775084,0,0.709813,1,1,1
1428,0,A,2,0.637793,2,0.637486,2,0.741147,0,0,0
1429,4,E,4,0.997580,4,0.997579,4,0.997893,1,1,1
1430,0,A,0,1.000000,0,1.000000,0,1.000000,1,1,1
1431,3,D,3,0.996834,3,0.996834,3,0.996998,1,1,1
1432,3,D,3,0.999881,3,0.999881,3,0.999878,1,1,1
1433,0,A,0,0.999999,0,0.999999,0,0.999999,1,1,1
1434,0,A,0,0.843864,0,0.843962,0,0.811025,1,1,1
1435,0,A,2,0.725194,2,0.725017,2,0.728911,0,0,0
1436,4,E,4,0.986040,4,0.986031,4,0.986485,1,1,1
1437,3,D,3,0.998402,3,0.998402,3,0.998496,1,1,1
1438,4,E,1,0.770364,1,0.770257,1,0.803769,0,0,0
1439,4,E,4,1.000000,4,1.000000,4,1.000000,1,1,1
1440,4,E,0,0.855249,0,0.855463,0,0.849485,0,0,0
1441,3,D,3,0.999910,3,0.999910,3,0.999909,1,1,1
1442,2,C,2,0.993379,2,0.993383,2,0.993212,1,1,1
1443,2,C,2,0.994686,2,0.994689,2,0.994565,1,1,1
1444,0,A,0,1.000000,0,1.000000,0,1.000000,1,1,1
1445,3,D,3,0.999772,3,0.999772,3,0.999767,1,1,1
1446,2,C,2,0.997068,2,0.997070,2,0.997000,1,1,1
1447,1,B,0,0.608347,0,0.608656,0,0.476146,0,0,0
1448,3,D,3,0.999803,3,0.999803,3,0.999790,1,1,1
1449,1,B,2,0.713429,2,0.713643,2,0.666748,0,0,0
1450,3,D,3,0.999433,3,0.999433,3,0.999428,1,1,1
1451,0,A,0,1.000000,0,1.000000,0,1.000000,1,1,1
1452,3,D,3,0.999764,3,0.999764,3,0.999760,1,1,1
1453,2,C,2,0.997281,2,0.997282,2,0.997365,1,1,1
1454,4,E,4,1.000000,4,1.000000,4,1.000000,1,1,1
1455,3,D,3,0.999492,3,0.999492,3,0.999486,1,1,1
1456,4,E,4,0.850876,4,0.850846,4,0.859163,1,1,1
1457,2,C,2,0.992195,2,0.992200,2,0.991926,1,1,1
1458,1,B,2,0.665074,2,0.665297,2,0.618691,0,0,0
1459,1,B,3,0.612055,3,0.611784,3,0.656454,0,0,0
1460,1,B,1,0.413890,1,0.414077,1,0.357840,1,1,1
1461,0,A,0,0.864527,0,0.864618,0,0.832857,1,1,1
1462,1,B,1,0.671924,1,0.672020,1,0.648910,1,1,1
1463,1,B,1,0.997052,1,0.997053,1,0.996963,1,1,1
1464,1,B,1,0.998054,1,0.998054,1,0.998250,1,1,1
1465,1,B,2,0.708156,2,0.708363,2,0.665296,0,0,0
1466,1,B,1,0.413838,1,0.413911,1,0.384094,1,1,1
1467,4,E,4,0.996068,4,0.996067,4,0.996497,1,1,1
1468,0,A,0,0.921741,0,0.921811,0,0.905062,1,1,1
1469,0,A,0,0.925993,0,0.926037,0,0.910359,1,1,1
1470,0,A,0,0.386672,0,0.386964,0,0.303431,1,1,1
1471,3,D,3,0.999854,3,0.999854,3,0.999867,1,1,1
1472,0,A,0,0.843035,0,0.843140,0,0.806515,1,1,1
1473,4,E,4,0.999664,4,0.999663,4,0.999675,1,1,1
1474,3,D,3,0.999884,3,0.999884,3,0.999881,1,1,1
1475,2,C,2,0.656384,2,0.656667,2,0.592694,1,1,1
1476,2,C,2,0.986510,2,0.986522,2,0.984352,1,1,1
1477,1,B,1,0.724862,1,0.724837,1,0.734355,1,1,1
1478,0,A,2,0.668906,2,0.668588,2,0.782610,0,0,0
1479,4,E,4,0.998729,4,0.998727,4,0.998905,1,1,1
1480,2,C,2,0.997856,2,0.997858,2,0.997627,1,1,1
1481,0,A,0,1.000000,0,1.000000,0,1.000000,1,1,1
1482,2,C,2,0.997623,2,0.997624,2,0.997608,1,1,1
1483,2,C,2,0.997624,2,0.997625,2,0.997607,1,1,1
1484,3,D,1,0.692823,1,0.692801,1,0.735969,0,0,0
1485,0,A,0,0.483160,0,0.483404,0,0.393893,1,1,1
1486,4,E,4,0.999995,4,0.999995,4,0.999995,1,1,1
1487,3,D,1,0.940364,1,0.940347,1,0.945884,0,0,0
1488,1,B,2,0.912140,2,0.912215,2,0.903090,0,0,0
1489,2,C,2,0.995972,2,0.995974,2,0.995900,1,1,1
1490,3,D,3,0.999258,3,0.999258,3,0.999256,1,1,1
1491,2,C,2,0.446838,2,0.447179,3,0.392986,1,1,0
1492,1,B,1,0.971677,1,0.971701,1,0.966631,1,1,1
1493,2,C,2,0.997311,2,0.997313,2,0.997288,1,1,1
1494,0,A,0,1.000000,0,1.000000,0,1.000000,1,1,1
1495,2,C,1,0.540025,1,0.539998,1,0.549908,0,0,0
1496,1,B,1,0.996862,1,0.996861,1,0.997161,1,1,1
1497,0,A,0,0.824268,0,0.824380,0,0.782574,1,1,1
1498,4,E,4,0.951763,4,0.951731,4,0.953045,1,1,1
1499,2,C,2,0.997451,2,0.997453,2,0.997437,1,1,1
1500,0,A,1,0.696610,1,0.696705,1,0.644640,0,0,0
1501,0,A,2,0.461443,2,0.461104,2,0.600675,0,0,0
1502,1,B,1,0.839369,1,0.839494,1,0.799059,1,1,1
1503,2,C,2,0.996764,2,0.996765,2,0.996857,1,1,1
1504,2,C,2,0.871680,2,0.871787,2,0.849581,1,1,1
1505,2,C,2,0.661032,2,0.661307,2,0.600215,1,1,1
1506,4,E,4,0.999636,4,0.999636,4,0.999707,1,1,1
